client_id,client_type,first_name,last_name,date_of_birth,gender,country,region,acquisition_purpose,satisfaction_score,loan_applied,referral_channel,client_ref,total_spent,property_count,age,Cluster_ID,Buyer_Segment
C0001,Individual,Kareem,Liu,1968-05-11,F,USA,California,Home,4,Yes,Website,C0001,1246764.72,4,58,3,Luxury Investors
C0002,Individual,Trystan,Oconnor,1962-11-26,M,USA,California,Home,1,No,Website,C0002,1841095.9300000002,5,64,0,Global Investors
C0003,Individual,Kale,Gay,1959-04-07,M,USA,California,Home,4,Yes,Agency,C0003,1661457.5899999999,5,67,0,Global Investors
C0004,Individual,Russell,Gross,1959-11-25,M,USA,California,Home,5,No,Website,C0004,1608263.51,6,67,0,Global Investors
C0005,Company,Marleez,Co,1976-02-28,M,USA,California,Investment,5,No,Website,C0005,3653385.38,13,50,2,Corporate Buyers
C0006,Individual,Yurem,Wright,1957-03-06,M,USA,California,Home,3,Yes,Website,C0006,1514131.06,5,69,0,Global Investors
C0007,Individual,Xavier,Faulkner,1947-05-24,M,Canada,Quebec,Investment,5,No,Website,C0007,3251147.83,11,79,2,Corporate Buyers
C0008,Individual,Kayden,Olsen,1969-10-17,F,USA,California,Home,5,No,Website,C0008,1476730.4100000001,5,57,0,Global Investors
C0009,Individual,Joaquin,Mullins,1975-10-05,M,USA,California,Investment,5,No,Agency,C0009,1820832.35,5,51,0,Global Investors
C0010,Individual,Nicolas,Navarro,1966-06-17,M,USA,Oregon,Investment,3,No,Agency,C0010,1732434.0,5,60,0,Global Investors
C0011,Individual,Laci,Guerra,1956-06-17,F,USA,California,Home,2,Yes,Website,C0011,1325211.52,5,70,3,Luxury Investors
C0012,Company,Kylax,Co,1975-04-25,M,USA,California,Investment,5,No,Website,C0012,1599526.4,4,51,0,Global Investors
C0013,Individual,Harley,Lucero,1962-08-10,M,USA,California,Home,1,Yes,Website,C0013,2142750.89,5,64,2,Corporate Buyers
C0014,Company,Esther,Co,1980-07-10,M,USA,California,Home,3,Yes,Website,C0014,1548140.0699999998,4,46,0,Global Investors
C0015,Individual,Jaylynn,Hickman,1941-08-19,F,USA,California,Home,5,No,Client,C0015,1585907.37,5,85,0,Global Investors
C0016,Individual,Olivia,Oconnell,1939-09-03,F,USA,California,Investment,5,No,Website,C0016,1010217.73,4,87,1,First-Time Buyers
C0017,Individual,Antonio,Porter,1977-01-08,M,USA,Arizona,Home,3,No,Client,C0017,1778693.75,5,49,0,Global Investors
C0018,Individual,Luke,Lynn,1967-02-07,M,USA,California,Home,2,Yes,Agency,C0018,1061478.67,4,59,1,First-Time Buyers
C0019,Individual,Anahi,Curry,1957-09-09,M,USA,California,Home,5,Yes,Client,C0019,1773474.26,4,69,0,Global Investors
C0020,Individual,Camille,Sharp,1967-10-17,F,USA,California,Home,5,No,Website,C0020,1508032.25,4,59,0,Global Investors
C0021,Individual,Jesus,Obrien,1938-06-09,M,USA,Oregon,Investment,3,No,Website,C0021,1928172.72,6,88,0,Global Investors
C0022,Individual,Araceli,Nelson,1966-09-14,M,Germany,Berlin,Investment,5,No,Agency,C0022,1372403.2,4,60,3,Luxury Investors
C0023,Individual,Cole,Taylor,1958-12-06,M,USA,California,Home,3,Yes,Website,C0023,1457871.69,5,68,3,Luxury Investors
C0024,Individual,Alonso,Terrell,1963-11-05,M,USA,California,Investment,4,No,Website,C0024,1884156.9000000001,6,63,0,Global Investors
C0025,Individual,Rodolfo,Gibson,1937-01-20,M,USA,Nevada,Home,2,Yes,Website,C0025,1694448.83,5,89,0,Global Investors
C0026,Individual,Joseph,Reeves,1962-09-23,M,USA,California,Investment,5,No,Website,C0026,2932241.75,10,64,2,Corporate Buyers
C0027,Individual,Grant,Weber,1968-09-08,M,USA,California,Home,5,Yes,Website,C0027,1517969.44,5,58,0,Global Investors
C0028,Individual,Ava,Phelps,1958-04-15,F,USA,California,Home,3,No,Client,C0028,1791082.79,5,68,0,Global Investors
C0029,Individual,Kyla,Walker,1976-02-26,F,USA,Colorado,Home,4,Yes,Agency,C0029,1247795.31,4,50,3,Luxury Investors
C0030,Individual,Alanna,Hess,1952-06-19,F,USA,Nevada,Home,3,No,Website,C0030,1547311.29,4,74,0,Global Investors
C0031,Individual,Skylar,Buchanan,1977-12-25,M,USA,Nevada,Home,4,Yes,Website,C0031,1077148.21,5,49,1,First-Time Buyers
C0032,Individual,Rodrigo,Robinson,1966-08-11,M,USA,California,Home,4,No,Website,C0032,1888995.1600000001,5,60,0,Global Investors
C0033,Individual,Lydia,Tate,1968-08-14,F,USA,California,Home,3,Yes,Website,C0033,1404998.67,4,58,3,Luxury Investors
C0034,Individual,Lauryn,Patrick,1969-10-30,F,Belgium,Brussels,Home,2,No,Agency,C0034,1632608.66,5,57,0,Global Investors
C0035,Individual,Diego,Mendez,1965-05-12,M,Mexico,Mexico City,Home,3,No,Agency,C0035,1987876.4,5,61,0,Global Investors
C0036,Individual,Victor,Jensen,1973-09-01,M,USA,California,Home,4,No,Website,C0036,1173683.53,4,53,3,Luxury Investors
C0037,Individual,Scarlet,Hendricks,1962-01-20,F,USA,California,Home,5,Yes,Website,C0037,1607228.75,5,64,0,Global Investors
C0038,Individual,Janelle,Espinoza,1974-12-25,F,USA,California,Investment,4,No,Client,C0038,1175129.27,4,52,3,Luxury Investors
C0039,Individual,Aleksandra,Karenina,1967-06-13,F,Russia,Krasnodar Krai,Home,1,No,Agency,C0039,1858527.54,4,59,0,Global Investors
C0040,Individual,Conner,Huff,1975-03-22,M,USA,Nevada,Home,5,No,Website,C0040,1854608.29,6,51,0,Global Investors
C0041,Individual,Zain,Horne,1967-04-13,M,USA,Arizona,Home,1,Yes,Website,C0041,1374460.79,5,59,3,Luxury Investors
C0042,Individual,Maia,Chandler,1975-08-12,F,USA,Utah,Home,1,Yes,Website,C0042,1101390.25,4,51,1,First-Time Buyers
C0043,Individual,Jordyn,Park,1965-04-04,M,USA,Nevada,Investment,3,Yes,Website,C0043,1126492.46,4,61,3,Luxury Investors
C0044,Individual,Diana,Hunt,1931-02-13,F,USA,Arizona,Home,3,No,Website,C0044,1330493.26,4,95,3,Luxury Investors
C0045,Individual,Kevin,Mata,1968-10-12,M,USA,Colorado,Investment,2,No,Agency,C0045,1463432.3599999999,5,58,0,Global Investors
C0046,Individual,Brisa,Mckee,1964-09-24,F,USA,California,Home,5,No,Client,C0046,2026517.4,8,62,0,Global Investors
C0047,Individual,Mason,Gilbert,1970-07-31,M,USA,Colorado,Home,2,No,Agency,C0047,1438239.28,5,56,3,Luxury Investors
C0048,Individual,Derick,Li,1957-03-20,M,USA,California,Home,3,Yes,Agency,C0048,1338718.0,4,69,3,Luxury Investors
C0049,Individual,Jace,Riggs,1971-08-20,F,USA,California,Home,1,No,Website,C0049,1390091.2,4,55,3,Luxury Investors
C0050,Individual,Jair,Johns,1940-03-05,M,USA,California,Home,5,No,Website,C0050,2744452.35,9,86,2,Corporate Buyers
C0051,Individual,Matilda,Madden,1941-03-03,F,USA,Colorado,Home,3,No,Agency,C0051,1270440.42,4,85,3,Luxury Investors
C0052,Individual,Myla,Ewing,1967-02-03,F,USA,Oregon,Investment,2,No,Client,C0052,1474211.53,4,59,0,Global Investors
C0053,Individual,Miguel,Walter,1954-01-07,M,USA,Arizona,Home,4,No,Agency,C0053,1120539.44,4,72,3,Luxury Investors
C0054,Company,Bridger CAL,Co,1967-02-15,M,USA,Nevada,Investment,5,No,Website,C0054,2109277.6,6,59,2,Corporate Buyers
C0055,Individual,Mara,Franco,1973-06-07,F,USA,California,Home,5,Yes,Agency,C0055,1178979.21,4,53,3,Luxury Investors
C0056,Individual,Erik,Mora,1964-12-07,M,USA,Oregon,Investment,5,No,Agency,C0056,1579301.3599999999,4,62,0,Global Investors
C0057,Individual,Henry,Kennedy,1933-06-08,M,USA,California,Home,4,Yes,Agency,C0057,2020519.52,5,93,0,Global Investors
C0058,Company,Kenyon,Co,1969-05-03,F,USA,California,Investment,1,Yes,Website,C0058,1441406.17,5,57,3,Luxury Investors
C0059,Individual,Oswaldo,Palmer,1960-06-16,M,USA,California,Home,2,No,Website,C0059,1278854.25,4,66,3,Luxury Investors
C0060,Individual,Kassidy,Vega,1972-05-07,F,USA,California,Home,5,No,Website,C0060,1355662.25,4,54,3,Luxury Investors
C0061,Individual,Morgan,Glass,1967-05-12,M,USA,Utah,Home,5,No,Agency,C0061,1306907.58,4,59,3,Luxury Investors
C0062,Individual,Tyler,Carr,1974-03-27,M,USA,California,Home,5,Yes,Client,C0062,1489333.49,5,52,0,Global Investors
C0063,Individual,Yesenia,Marquez,1942-07-23,F,USA,Arizona,Home,4,No,Website,C0063,1625480.88,5,84,0,Global Investors
C0064,Individual,Gordon,Brown,1974-02-10,M,UK,Northern Ireland,Investment,4,No,Agency,C0064,1448881.28,4,52,3,Luxury Investors
C0065,Individual,Rodrigo,Ramirez,1972-03-26,M,USA,California,Home,1,No,Agency,C0065,1557125.73,4,54,0,Global Investors
C0066,Individual,Melanie,Holland,1974-12-25,F,USA,California,Investment,3,No,Client,C0066,1107164.17,4,52,3,Luxury Investors
C0067,Individual,Enrique,Cardenas,1977-06-10,M,USA,California,Home,2,No,Website,C0067,1431941.84,5,49,3,Luxury Investors
C0068,Individual,Helen,Williamson,1966-02-26,F,USA,Colorado,Home,5,Yes,Agency,C0068,1572779.33,4,60,0,Global Investors
C0069,Individual,Isis,Rios,1970-04-01,M,USA,California,Investment,4,No,Website,C0069,1439142.47,5,56,3,Luxury Investors
C0070,Individual,Kayley,Nielsen,1947-04-27,F,USA,Arizona,Home,4,Yes,Website,C0070,1521570.62,5,79,0,Global Investors
C0071,Individual,Donavan,Flowers,1985-12-27,M,USA,California,Home,1,Yes,Client,C0071,1150384.09,5,41,3,Luxury Investors
C0072,Individual,Augustus,Hinton,1953-02-03,M,USA,Nevada,Investment,2,No,Website,C0072,2246488.58,6,73,2,Corporate Buyers
C0073,Individual,Alejandra,Greer,1965-01-11,F,Denmark,Capital Region,Investment,1,No,Agency,C0073,1413902.33,4,61,3,Luxury Investors
C0074,Individual,Violet,Nixon,1959-01-01,F,USA,Oregon,Investment,5,No,Client,C0074,1709458.65,5,67,0,Global Investors
C0075,Individual,Jaelyn,Berger,1970-05-05,F,USA,California,Home,3,No,Website,C0075,1269395.74,4,56,3,Luxury Investors
C0076,Individual,Tristian,Fuller,1956-03-13,M,USA,California,Home,5,No,Agency,C0076,1905852.0899999999,6,70,0,Global Investors
C0077,Individual,Christian,Costa,1980-09-14,M,USA,California,Home,5,No,Website,C0077,1880012.18,5,46,0,Global Investors
C0078,Individual,Nora,Lynch,1948-04-23,F,USA,California,Home,5,No,Website,C0078,1685882.3900000001,4,78,0,Global Investors
C0079,Individual,Dangelo,Shea,1954-02-27,M,Belgium,Brussels,Investment,4,No,Website,C0079,1456436.3,4,72,3,Luxury Investors
C0080,Individual,Aiyana,Christensen,1949-01-16,F,USA,California,Investment,3,No,Website,C0080,1427531.56,5,77,3,Luxury Investors
C0081,Individual,Sidney,Cline,1943-07-24,F,USA,California,Home,4,Yes,Website,C0081,1522144.26,4,83,0,Global Investors
C0082,Individual,Kaitlin,Owen,1981-12-26,F,USA,Virginia,Investment,5,No,Client,C0082,1282267.95,5,45,3,Luxury Investors
C0083,Individual,Issac,Edwards,1938-10-29,M,USA,California,Home,5,No,Website,C0083,1513641.46,6,88,0,Global Investors
C0084,Individual,Zaiden,Merritt,1948-02-23,M,USA,Wyoming,Home,3,No,Agency,C0084,1762231.92,5,78,0,Global Investors
C0085,Individual,Iris,Larsen,1966-09-14,M,USA,California,Home,4,Yes,Agency,C0085,1185505.46,4,60,3,Luxury Investors
C0086,Individual,Grace,Stein,1968-12-20,F,USA,California,Home,3,Yes,Website,C0086,1928188.6099999999,5,58,0,Global Investors
C0087,Individual,Alessandra,Perry,1979-05-15,F,USA,California,Home,4,No,Agency,C0087,1681153.28,4,47,0,Global Investors
C0088,Individual,Jamal,Mueller,1936-08-13,M,USA,Oregon,Investment,2,No,Website,C0088,1450519.57,6,90,3,Luxury Investors
C0089,Individual,Irvin,Ellis,1949-11-14,M,USA,California,Home,3,No,Agency,C0089,1041853.81,4,77,1,First-Time Buyers
C0090,Individual,Terry,Forbes,1982-05-27,M,USA,California,Home,5,No,Client,C0090,980850.4199999999,5,44,1,First-Time Buyers
C0091,Individual,Jacqueline,Grant,1959-11-13,F,USA,California,Home,4,No,Website,C0091,1356644.74,4,67,3,Luxury Investors
C0092,Individual,Brock,Fischer,1971-05-29,M,USA,Kansas,Home,3,No,Website,C0092,2817926.96,8,55,2,Corporate Buyers
C0093,Individual,Curtis,Howard,1962-09-11,M,USA,California,Home,2,No,Agency,C0093,1732558.38,5,64,0,Global Investors
C0094,Individual,Avah,Huang,1948-04-23,F,USA,California,Home,5,No,Website,C0094,1062675.82,5,78,1,First-Time Buyers
C0095,Individual,Frank,Meyer,1964-03-16,M,USA,California,Home,3,Yes,Agency,C0095,1668973.02,6,62,0,Global Investors
C0096,Individual,Darien,Dorsey,1985-12-27,M,USA,California,Investment,3,Yes,Website,C0096,1363013.17,4,41,3,Luxury Investors
C0097,Individual,Franklin,Mack,1943-06-18,M,USA,Virginia,Home,5,Yes,Website,C0097,2189906.04,7,83,2,Corporate Buyers
C0098,Individual,Elena,Petrova,1949-06-22,F,Russia,Saint Petersburg,Home,3,Yes,Agency,C0098,1131592.65,4,77,3,Luxury Investors
C0099,Individual,Jack,Hanson,1941-12-01,M,USA,California,Investment,4,No,Website,C0099,2000308.58,6,85,0,Global Investors
C0100,Individual,Emmett,Estes,1969-06-05,M,USA,California,Home,3,No,Website,C0100,1449544.65,4,57,3,Luxury Investors
C0101,Individual,Aniya,Miller,1951-03-02,F,USA,Nevada,Home,3,No,Website,C0101,1125013.8,4,75,3,Luxury Investors
C0102,Individual,Jack,Anderson,1947-02-13,M,USA,California,Investment,5,Yes,Website,C0102,3403263.85,9,79,2,Corporate Buyers
C0103,Individual,Kael,Hurley,1973-12-15,M,USA,Colorado,Home,3,No,Website,C0103,1483838.77,5,53,0,Global Investors
C0104,Individual,Kamden,Stewart,1978-09-14,M,USA,California,Home,5,No,Website,C0104,1677155.01,5,48,0,Global Investors
C0105,Individual,Aniyah,Ali,1959-11-03,F,USA,California,Investment,2,Yes,Website,C0105,1328084.36,5,67,3,Luxury Investors
C0106,Individual,Simon,Bennett,1953-06-09,M,USA,Colorado,Home,4,No,Website,C0106,957679.27,4,73,1,First-Time Buyers
C0107,Individual,Laurel,Benitez,1959-08-06,M,USA,California,Home,4,Yes,Agency,C0107,1715058.23,5,67,0,Global Investors
C0108,Individual,Trey,Strong,1958-12-20,M,USA,California,Home,4,No,Agency,C0108,1998798.72,6,68,0,Global Investors
C0109,Individual,Myah,Roman,1933-05-05,F,USA,California,Investment,5,Yes,Agency,C0109,1995551.0899999999,5,93,0,Global Investors
C0110,Individual,Nyla,Blake,1959-06-05,F,USA,California,Investment,5,Yes,Agency,C0110,1205555.46,5,67,3,Luxury Investors
C0111,Individual,Kole,Shannon,1979-06-27,M,USA,Arizona,Home,2,Yes,Website,C0111,1198421.22,4,47,3,Luxury Investors
C0112,Individual,Melany,Glover,1960-10-01,F,USA,California,Investment,1,Yes,Agency,C0112,1775142.2,5,66,0,Global Investors
C0113,Individual,Arthur,Bray,1949-07-14,M,USA,Utah,Investment,4,No,Agency,C0113,1414433.46,4,77,3,Luxury Investors
C0114,Individual,Kamila,Collier,1962-01-21,F,USA,California,Home,1,Yes,Website,C0114,1124004.05,4,64,3,Luxury Investors
C0115,Individual,Amanda,Simon,1978-12-03,F,USA,California,Home,5,No,Agency,C0115,1757354.59,5,48,0,Global Investors
C0116,Individual,Erika,Steward,1955-08-07,F,USA,California,Investment,4,No,Website,C0116,2484590.08,8,71,2,Corporate Buyers
C0117,Individual,Jakobe,Bailey,1964-10-06,M,UK,Scotland,Investment,4,No,Agency,C0117,2884556.25,8,62,2,Corporate Buyers
C0118,Individual,Sonia,Choi,1948-11-09,F,USA,Oregon,Investment,5,No,Agency,C0118,1218377.19,4,78,3,Luxury Investors
C0119,Individual,Erika,Gallagher,1942-07-19,F,USA,California,Home,1,Yes,Website,C0119,1603043.92,4,84,0,Global Investors
C0120,Individual,Madeline,Michael,1953-07-30,F,USA,California,Home,4,Yes,Website,C0120,1753587.39,5,73,0,Global Investors
C0121,Individual,Bennett,Chen,1950-07-18,M,USA,Nevada,Home,2,No,Website,C0121,1169150.31,5,76,3,Luxury Investors
C0122,Individual,Belinda,Hogan,1973-08-18,F,USA,California,Home,1,Yes,Agency,C0122,1412560.68,4,53,3,Luxury Investors
C0123,Individual,Johanna,Fisher,1962-08-25,F,USA,California,Home,4,Yes,Website,C0123,1821348.69,5,64,0,Global Investors
C0124,Individual,Jaylen,Turner,1963-07-15,F,USA,California,Home,4,No,Agency,C0124,1613985.08,5,63,0,Global Investors
C0125,Individual,Michael,Juarez,1976-12-25,M,USA,Colorado,Home,4,Yes,Agency,C0125,1341108.25,4,50,3,Luxury Investors
C0126,Individual,Adriana,Shaffer,1972-07-11,F,USA,California,Investment,2,No,Agency,C0126,1319929.46,5,54,3,Luxury Investors
C0127,Individual,Julio,Leonard,1974-07-18,M,USA,Nevada,Home,2,Yes,Website,C0127,967474.23,4,52,1,First-Time Buyers
C0128,Company,Abdiel,Co,1963-05-22,M,USA,Nevada,Investment,5,Yes,Website,C0128,1639392.9500000002,5,63,0,Global Investors
C0129,Individual,Warren,Pugh,1973-07-17,M,USA,Arizona,Investment,5,No,Website,C0129,1748372.75,4,53,0,Global Investors
C0130,Individual,Luis,Crane,1959-04-20,M,USA,Nevada,Home,3,Yes,Website,C0130,1488042.88,4,67,0,Global Investors
C0131,Individual,Mohammad,Irwin,1971-12-02,M,USA,California,Home,1,No,Website,C0131,1428058.5499999998,5,55,3,Luxury Investors
C0132,Individual,Davion,Stout,1965-07-20,M,USA,Nevada,Home,1,Yes,Agency,C0132,1203775.04,4,61,3,Luxury Investors
C0133,Individual,Logan,Simmons,1946-09-14,M,USA,California,Investment,4,No,Agency,C0133,1449799.93,4,80,3,Luxury Investors
C0134,Individual,Kaylin,Villarreal,1932-06-13,F,Russia,Novosibirsk,Investment,3,No,Website,C0134,1761669.8699999999,5,94,0,Global Investors
C0135,Individual,Ruben,Melton,1939-03-05,M,USA,Utah,Investment,2,No,Agency,C0135,1221442.92,4,87,3,Luxury Investors
C0136,Individual,Gianni,Fritz,1973-09-15,M,USA,California,Home,3,No,Website,C0136,1892554.72,5,53,0,Global Investors
C0137,Individual,Emilie,Morrison,1957-10-29,F,USA,California,Home,3,Yes,Website,C0137,989750.45,4,69,1,First-Time Buyers
C0138,Individual,Crystal,Wyatt,1939-06-30,F,USA,Oregon,Investment,3,Yes,Website,C0138,1367824.55,5,87,3,Luxury Investors
C0139,Individual,Annabel,Robles,1969-10-14,F,USA,California,Home,5,Yes,Website,C0139,1807366.3,5,57,0,Global Investors
C0140,Individual,Rachel,Cross,1952-06-18,F,USA,California,Home,3,No,Website,C0140,1559561.53,5,74,0,Global Investors
C0141,Individual,Madalyn,Mercer,1986-06-21,F,USA,California,Home,5,No,Website,C0141,1765019.09,5,40,0,Global Investors
C0142,Individual,Michelle,Cameron,1978-06-04,F,USA,Nevada,Home,3,Yes,Website,C0142,1673770.19,5,48,0,Global Investors
C0143,Individual,Ezra,Lozano,1958-02-24,M,USA,California,Home,1,No,Website,C0143,2389960.3,8,68,2,Corporate Buyers
C0144,Individual,Ramiro,Oneill,1954-09-29,M,USA,California,Home,4,No,Agency,C0144,1897739.74,5,72,0,Global Investors
C0145,Individual,Emely,Watts,1964-11-30,F,USA,California,Home,4,No,Website,C0145,1746571.55,5,62,0,Global Investors
C0146,Individual,Hazel,Ayers,1963-02-01,M,USA,Colorado,Home,2,No,Website,C0146,1481536.3900000001,4,63,0,Global Investors
C0147,Individual,Cedric,Goodwin,1948-02-20,M,USA,Utah,Home,4,No,Client,C0147,1398309.27,5,78,3,Luxury Investors
C0148,Individual,Dayton,Hatfield,1969-04-19,M,USA,Colorado,Investment,4,Yes,Agency,C0148,1700383.7,4,57,0,Global Investors
C0149,Individual,Piotr,Aleksandrov,1955-12-02,M,Russia,Krasnodar Krai,Investment,3,No,Agency,C0149,1049009.0,4,71,1,First-Time Buyers
C0150,Individual,Memphis,Mcconnell,1968-08-25,M,USA,California,Home,2,Yes,Website,C0150,1846066.58,4,58,0,Global Investors
C0151,Individual,Arabella,Ferrell,1976-08-17,F,USA,Oregon,Home,1,No,Agency,C0151,1589086.32,5,50,0,Global Investors
C0152,Individual,Sincere,Hansen,1967-01-19,F,USA,California,Investment,2,Yes,Agency,C0152,2539205.93,7,59,2,Corporate Buyers
C0153,Individual,Lara,Carrillo,1983-02-24,F,USA,California,Home,5,No,Website,C0153,1560375.26,5,43,0,Global Investors
C0154,Individual,Valentina,Simpson,1965-01-24,F,USA,California,Home,4,Yes,Agency,C0154,2142457.31,5,61,2,Corporate Buyers
C0155,Company,Kamd,Co,1975-08-18,M,USA,California,Investment,5,No,Agency,C0155,1622885.53,5,51,0,Global Investors
C0156,Individual,Case,Sanchez,1966-05-26,F,USA,California,Home,5,No,Website,C0156,1344903.47,4,60,3,Luxury Investors
C0157,Individual,Van,Charles,1952-05-15,M,USA,Colorado,Home,2,Yes,Client,C0157,1060400.03,4,74,1,First-Time Buyers
C0158,Individual,Emmy,Singh,1979-12-03,F,USA,Virginia,Investment,3,Yes,Agency,C0158,1439477.66,4,47,3,Luxury Investors
C0159,Individual,Colin,Campos,1942-04-14,M,USA,California,Home,3,No,Website,C0159,1596507.45,4,84,0,Global Investors
C0160,Individual,Anya,Stephenson,1959-06-11,F,USA,California,Home,4,No,Website,C0160,1679716.96,5,67,0,Global Investors
C0161,Individual,Parker,Poole,1951-11-10,M,USA,California,Home,5,No,Website,C0161,2534264.26,9,75,2,Corporate Buyers
C0162,Individual,Ivan,Bright,1953-09-15,M,USA,California,Home,4,No,Website,C0162,1135363.52,4,73,3,Luxury Investors
C0163,Individual,Larry,Turner,1986-03-24,M,USA,Utah,Investment,5,Yes,Agency,C0163,1506594.21,4,40,0,Global Investors
C0164,Individual,Matthew,Nelson,1986-09-20,M,USA,Arizona,Home,5,No,Website,C0164,1436152.54,4,40,3,Luxury Investors
C0165,Individual,Mary,Hall,1956-07-11,F,USA,California,Home,3,Yes,Website,C0165,1276849.33,3,70,3,Luxury Investors
C0166,Individual,Carolyn,Weaver,1984-01-24,F,USA,Arizona,Home,4,Yes,Agency,C0166,1273643.37,4,42,3,Luxury Investors
C0167,Individual,Grace,Green,1955-02-02,F,UK,Scotland,Home,3,Yes,Website,C0167,2749577.33,7,71,2,Corporate Buyers
C0168,Individual,Pamela,Sanders,1960-06-06,F,USA,Nevada,Home,3,No,Agency,C0168,1491785.87,4,66,0,Global Investors
C0169,Individual,Terry,Turner,1990-08-13,M,USA,Ohio,Investment,5,Yes,Agency,C0169,688864.2,3,36,1,First-Time Buyers
C0170,Individual,Jacob,Jones,1949-06-13,M,USA,California,Home,5,No,Website,C0170,1161316.17,3,77,3,Luxury Investors
C0171,Individual,Julie,Sanders,1991-05-05,F,USA,Washington,Investment,5,Yes,Client,C0171,1278753.71,4,35,3,Luxury Investors
C0172,Individual,Catherine,Carter,1992-09-16,F,USA,Washington,Home,1,Yes,Agency,C0172,1681471.9100000001,4,34,0,Global Investors
C0173,Individual,Amber,Wilson,1976-07-20,F,USA,Arizona,Home,5,Yes,Agency,C0173,2619968.43,8,50,2,Corporate Buyers
C0174,Individual,Rachel,Harris,1982-07-06,F,USA,California,Investment,3,No,Client,C0174,865359.73,3,44,1,First-Time Buyers
C0175,Individual,Brandon,Alexander,1962-04-05,M,USA,Washington,Home,5,No,Agency,C0175,1606138.1199999999,4,64,0,Global Investors
C0176,Individual,Hannah,Williams,1993-06-27,F,USA,California,Home,2,No,Website,C0176,2681927.91,6,33,2,Corporate Buyers
C0177,Individual,Sarah,Hansen,1951-03-05,F,UK,England,Home,5,Yes,Website,C0177,2269897.21,7,75,2,Corporate Buyers
C0178,Individual,Laura,Chavez,1952-12-23,F,USA,Virginia,Home,4,No,Agency,C0178,2665917.96,7,74,2,Corporate Buyers
C0179,Individual,Ashley,Turner,1986-02-11,F,USA,Oregon,Investment,2,No,Website,C0179,2131372.11,8,40,2,Corporate Buyers
C0180,Individual,Jacob,Wilson,1943-01-28,M,USA,California,Home,2,Yes,Agency,C0180,2660292.37,7,83,2,Corporate Buyers
C0181,Individual,Lawrence,Peterson,1970-04-26,M,USA,Texas,Home,2,Yes,Website,C0181,2047189.62,7,56,0,Global Investors
C0182,Individual,Virginia,Bennett,1971-12-02,F,Germany,North Rhine-Westphalia,Investment,1,Yes,Website,C0182,3082362.35,8,55,2,Corporate Buyers
C0183,Individual,Nicholas,Green,1988-09-15,M,USA,Nevada,Home,3,No,Website,C0183,1883106.92,7,38,0,Global Investors
C0184,Individual,Peter,Pierce,1994-01-21,M,USA,Florida,Home,1,No,Website,C0184,2618938.16,6,32,2,Corporate Buyers
C0185,Individual,Andrea,Nelson,1945-07-02,F,USA,Nevada,Home,4,Yes,Agency,C0185,2491911.81,7,81,2,Corporate Buyers
C0186,Individual,Carol,Green,1982-04-02,F,USA,Virginia,Home,1,No,Website,C0186,2674286.63,8,44,2,Corporate Buyers
C0187,Individual,Cheryl,Kim,1990-01-17,F,USA,Florida,Home,1,No,Website,C0187,2066651.1400000001,6,36,0,Global Investors
C0188,Individual,Jose,Martin,1940-10-08,M,USA,Oregon,Home,5,Yes,Website,C0188,2891447.6,7,86,2,Corporate Buyers
C0189,Individual,Anna,Adams,1958-12-11,F,USA,California,Home,2,No,Agency,C0189,2209659.42,7,68,2,Corporate Buyers
C0190,Individual,Karen,Johnson,1971-10-19,F,USA,California,Home,2,No,Website,C0190,2276701.17,7,55,2,Corporate Buyers
C0191,Individual,Sarah,Turner,1977-05-06,F,USA,Florida,Home,3,No,Agency,C0191,2172926.7600000002,8,49,2,Corporate Buyers
C0192,Individual,Margaret,Moore,1984-02-04,F,Belgium,Brussels,Investment,2,Yes,Website,C0192,2900509.0999999996,7,42,2,Corporate Buyers
C0193,Individual,Sharon,Campbell,1968-08-09,F,USA,California,Investment,4,Yes,Website,C0193,1933778.2399999998,7,58,0,Global Investors
C0194,Individual,Jonathan,Hall,1953-08-18,M,France,Ile-de-France,Home,5,Yes,Website,C0194,2759372.27,7,73,2,Corporate Buyers
C0195,Individual,Sean,Jones,1947-06-19,M,USA,California,Home,2,Yes,Website,C0195,2102233.85,7,79,2,Corporate Buyers
C0196,Individual,Alexander,Adams,1957-04-22,M,USA,Nevada,Investment,5,No,Agency,C0196,2611736.44,6,69,2,Corporate Buyers
C0197,Individual,Kevin,Wright,1944-07-01,M,USA,Virginia,Home,4,No,Client,C0197,2775768.6,8,82,2,Corporate Buyers
C0198,Individual,Michelle,White,1976-01-28,F,USA,California,Home,4,No,Website,C0198,2399689.67,8,50,2,Corporate Buyers
C0199,Individual,Ryan,Brown,1958-04-13,M,USA,California,Home,3,No,Agency,C0199,2582959.87,7,68,2,Corporate Buyers
C0200,Individual,Linda,Harris,1944-05-06,F,USA,California,Home,1,No,Agency,C0200,1071359.3900000001,4,82,1,First-Time Buyers
C0201,Individual,Lauren,Weaver,1968-02-13,F,USA,California,Home,1,No,Agency,C0201,1298787.54,4,58,3,Luxury Investors
C0202,Individual,Jack,Reyes,1996-11-11,M,Canada,British Columbia,Home,1,No,Website,C0202,1019272.5900000001,3,30,1,First-Time Buyers
C0203,Individual,Christine,Brooks,1956-05-18,F,USA,California,Home,4,No,Client,C0203,1242478.83,4,70,3,Luxury Investors
C0204,Individual,Joyce,Pierce,1947-01-10,F,USA,California,Home,5,No,Agency,C0204,934432.98,3,79,1,First-Time Buyers
C0205,Individual,Kelly,Nelson,1968-08-26,F,Mexico,Puebla,Home,1,Yes,Agency,C0205,949224.48,3,58,1,First-Time Buyers
C0206,Individual,Nancy,Roberts,1957-05-08,F,USA,California,Home,1,Yes,Agency,C0206,853060.9299999999,3,69,1,First-Time Buyers
C0207,Individual,Kyle,Gray,1944-11-19,M,USA,Virginia,Investment,4,No,Website,C0207,889948.76,3,82,1,First-Time Buyers
C0208,Individual,Mark,James,1986-03-26,M,France,Provence,Home,4,Yes,Agency,C0208,1199654.38,4,40,3,Luxury Investors
C0209,Individual,Kyle,Moore,1949-08-22,M,USA,Arizona,Investment,3,No,Agency,C0209,979868.13,4,77,1,First-Time Buyers
C0210,Individual,Janice,Price,1943-03-24,F,USA,Colorado,Home,2,No,Website,C0210,1346156.55,4,83,3,Luxury Investors
C0211,Individual,Amy,Evans,1972-02-23,F,USA,California,Home,3,No,Agency,C0211,1254240.07,4,54,3,Luxury Investors
C0212,Individual,Jacob,Wood,1956-03-23,M,USA,California,Home,4,No,Agency,C0212,1068278.76,3,70,1,First-Time Buyers
C0213,Individual,Jason,Gray,1976-10-23,M,USA,Florida,Investment,5,No,Agency,C0213,809691.13,3,50,1,First-Time Buyers
C0214,Individual,Helen,Wood,1946-07-18,F,Belgium,Brussels,Investment,5,No,Website,C0214,1070534.6400000001,3,80,1,First-Time Buyers
C0215,Individual,Lauren,Foster,1999-07-11,F,Germany,Hamburg,Investment,4,No,Website,C0215,1032856.46,3,27,1,First-Time Buyers
C0216,Individual,Albert,Hansen,1999-07-19,M,USA,Utah,Home,1,No,Website,C0216,1352642.3399999999,4,27,3,Luxury Investors
C0217,Individual,Deborah,Miller,1984-07-11,F,USA,Colorado,Home,3,No,Website,C0217,1238434.91,4,42,3,Luxury Investors
C0218,Individual,Shirley,Anderson,1970-01-24,F,USA,California,Home,2,No,Website,C0218,836639.27,3,56,1,First-Time Buyers
C0219,Individual,William,Turner,1988-01-20,M,USA,California,Home,4,No,Website,C0219,1267653.57,4,38,3,Luxury Investors
C0220,Individual,Walter,Phillips,1951-06-06,M,Canada,Ontario,Investment,1,No,Website,C0220,1060812.68,3,75,1,First-Time Buyers
C0221,Company,Atlas,Co,1987-05-14,F,USA,California,Home,5,No,Website,C0221,1377133.5999999999,4,39,3,Luxury Investors
C0222,Individual,Christopher,Stone,1956-11-08,M,USA,Utah,Investment,3,No,Agency,C0222,1223560.82,3,70,3,Luxury Investors
C0223,Individual,Patrick,Hansen,1973-11-12,M,USA,Colorado,Investment,3,Yes,Website,C0223,969341.87,4,53,1,First-Time Buyers
C0224,Individual,Nathan,Richardson,1960-08-23,M,USA,Colorado,Home,5,No,Website,C0224,1189255.63,3,66,3,Luxury Investors
C0225,Individual,Evelyn,Reyes,1948-12-19,F,USA,California,Home,1,Yes,Agency,C0225,1120626.94,4,78,3,Luxury Investors
C0226,Individual,Julia,Jordan,1958-07-11,F,USA,Colorado,Home,2,No,Website,C0226,1571251.03,3,68,0,Global Investors
C0227,Individual,Rachel,Evans,1944-10-23,F,USA,Arizona,Home,5,Yes,Website,C0227,942245.37,3,82,1,First-Time Buyers
C0228,Individual,Hannah,Owens,1952-04-23,F,USA,Oregon,Investment,4,No,Website,C0228,606605.72,3,74,1,First-Time Buyers
C0229,Individual,Jose,Turner,1981-11-19,M,USA,Colorado,Investment,5,No,Website,C0229,892220.13,3,45,1,First-Time Buyers
C0230,Company,Forsyte,Co,1977-07-22,M,USA,Nevada,Investment,4,Yes,Website,C0230,1457429.02,4,49,3,Luxury Investors
C0231,Individual,Ronald,Rogers,1993-12-18,M,Denmark,Central Denmark,Investment,2,Yes,Website,C0231,729893.08,3,33,1,First-Time Buyers
C0232,Individual,Megan,Kim,1962-05-04,F,USA,California,Home,3,Yes,Website,C0232,1276710.4900000002,4,64,3,Luxury Investors
C0233,Individual,Larry,Garcia,1997-09-10,M,France,Provence,Home,4,Yes,Website,C0233,1105806.54,4,29,3,Luxury Investors
C0234,Individual,Andrea,Hughes,1979-03-02,F,USA,New York,Home,1,Yes,Website,C0234,839967.04,3,47,1,First-Time Buyers
C0235,Individual,Kenneth,Allen,1949-10-10,M,USA,California,Home,5,No,Website,C0235,1268586.58,4,77,3,Luxury Investors
C0236,Individual,Gerald,Howard,1972-08-10,M,Canada,Manitoba,Home,3,No,Agency,C0236,1321475.69,3,54,3,Luxury Investors
C0237,Individual,Jason,Nelson,1984-11-03,M,USA,California,Home,5,Yes,Website,C0237,1392353.31,3,42,3,Luxury Investors
C0238,Individual,Amber,Patterson,1982-01-08,F,USA,Virginia,Home,4,Yes,Agency,C0238,1125732.72,3,44,3,Luxury Investors
C0239,Individual,Megan,Baker,1973-02-18,F,USA,Oregon,Home,3,Yes,Website,C0239,1352763.67,4,53,3,Luxury Investors
C0240,Individual,Amber,Morales,1942-05-15,F,USA,Colorado,Investment,3,No,Website,C0240,935028.28,3,84,1,First-Time Buyers
C0241,Individual,Kelly,Anderson,1962-01-14,F,Mexico,Nuevo Leon,Home,5,Yes,Website,C0241,1025934.71,3,64,1,First-Time Buyers
C0242,Individual,Stephen,Peterson,1998-03-16,M,USA,Utah,Home,3,Yes,Agency,C0242,1358315.73,4,28,3,Luxury Investors
C0243,Individual,Nancy,Patterson,1978-07-11,F,USA,Utah,Home,2,No,Website,C0243,1382777.8900000001,4,48,3,Luxury Investors
C0244,Individual,Joyce,Pierce,1998-08-03,F,USA,California,Home,1,No,Website,C0244,1046652.28,3,28,1,First-Time Buyers
C0245,Individual,Sean,Long,1974-01-07,M,USA,Nevada,Investment,4,No,Agency,C0245,1354584.5,3,52,3,Luxury Investors
C0246,Individual,Stephen,Pierce,1992-05-15,M,France,Normandy,Home,1,Yes,Agency,C0246,1024485.26,3,34,1,First-Time Buyers
C0247,Individual,Kevin,Morris,1965-01-18,M,USA,California,Home,1,No,Website,C0247,1696540.52,4,61,0,Global Investors
C0248,Individual,Carl,Collins,1968-12-09,M,USA,Florida,Home,4,Yes,Agency,C0248,1035934.63,3,58,1,First-Time Buyers
C0249,Individual,Stephanie,Montgomery,1968-12-05,F,USA,California,Investment,4,No,Agency,C0249,1142995.52,4,58,3,Luxury Investors
C0250,Individual,Justin,Stewart,1947-10-19,M,UK,England,Home,2,No,Agency,C0250,982306.66,3,79,1,First-Time Buyers
C0251,Individual,Janice,Chavez,1976-08-11,F,USA,Utah,Home,5,No,Website,C0251,463611.95,3,50,1,First-Time Buyers
C0252,Individual,Elizabeth,Rogers,1953-08-23,F,USA,Nevada,Investment,2,No,Website,C0252,1082221.48,3,73,1,First-Time Buyers
C0253,Individual,Betty,Hughes,1994-09-15,F,USA,Virginia,Home,4,No,Website,C0253,1239226.11,4,32,3,Luxury Investors
C0254,Individual,Rachel,Freeman,1956-07-21,F,USA,Florida,Home,5,No,Website,C0254,1332152.57,4,70,3,Luxury Investors
C0255,Individual,Sara,Jones,1961-02-08,F,UK,England,Investment,3,Yes,Client,C0255,1689083.06,4,65,0,Global Investors
C0256,Individual,Anthony,Hughes,1990-12-10,M,USA,California,Home,1,Yes,Website,C0256,1150229.15,3,36,3,Luxury Investors
C0257,Individual,Nicholas,Kim,1974-10-22,M,USA,California,Home,1,No,Website,C0257,1145456.23,3,52,3,Luxury Investors
C0258,Individual,Carl,Murray,1991-04-15,M,UK,Northern Ireland,Home,4,Yes,Agency,C0258,1001712.37,3,35,1,First-Time Buyers
C0259,Individual,Emma,Chavez,1990-02-15,F,USA,Oregon,Home,4,No,Website,C0259,779396.4099999999,3,36,1,First-Time Buyers
C0260,Individual,Rebecca,Wood,1946-08-04,F,USA,Nevada,Investment,3,No,Website,C0260,1057192.79,4,80,1,First-Time Buyers
C0261,Company,Celera,Co,1985-05-13,F,USA,Florida,Investment,4,Yes,Website,C0261,2094623.1,4,41,0,Global Investors
C0262,Individual,Billy,Bryant,1947-05-25,M,USA,Oregon,Home,2,No,Website,C0262,1233260.4,3,79,3,Luxury Investors
C0263,Individual,Anthony,Garcia,1981-08-02,M,USA,Nevada,Investment,2,Yes,Website,C0263,969140.41,3,45,1,First-Time Buyers
C0264,Individual,Melissa,Baker,1992-09-12,F,USA,Colorado,Home,2,Yes,Agency,C0264,1127766.02,4,34,3,Luxury Investors
C0265,Company,Celera,Co,1967-04-13,M,Belgium,Flanders,Home,1,No,Website,C0265,1708031.99,4,59,0,Global Investors
C0266,Individual,Aaron,Owens,1977-02-26,M,USA,California,Home,5,Yes,Agency,C0266,931646.38,3,49,1,First-Time Buyers
C0267,Individual,Judy,Howard,1948-11-12,F,USA,Utah,Home,4,Yes,Agency,C0267,1314495.01,4,78,3,Luxury Investors
C0268,Individual,Danielle,Carter,1959-02-21,F,USA,Georgia,Investment,3,No,Website,C0268,1108939.8599999999,4,67,3,Luxury Investors
C0269,Individual,David,Stewart,1969-02-04,M,USA,New York,Home,2,No,Agency,C0269,1049110.08,3,57,1,First-Time Buyers
C0270,Individual,Megan,Allen,1944-07-21,F,USA,Florida,Home,5,No,Website,C0270,924009.9,3,82,1,First-Time Buyers
C0271,Individual,Laura,Hughes,1972-04-28,F,USA,California,Investment,3,No,Agency,C0271,1295689.37,4,54,3,Luxury Investors
C0272,Individual,Pamela,Green,1993-08-03,F,UK,Scotland,Home,5,Yes,Website,C0272,1439584.37,4,33,3,Luxury Investors
C0273,Individual,Paul,Morales,1987-02-27,M,Denmark,Zealand,Investment,2,No,Website,C0273,682452.64,3,39,1,First-Time Buyers
C0274,Individual,Raymond,Young,1950-10-01,M,USA,Florida,Home,2,No,Website,C0274,1343449.34,3,76,3,Luxury Investors
C0275,Individual,William,Thompson,2000-06-26,M,USA,Oregon,Home,1,Yes,Website,C0275,1237500.3,4,26,3,Luxury Investors
C0276,Individual,Gloria,Harris,1953-02-16,F,USA,Washington,Home,5,No,Website,C0276,1011195.98,3,73,1,First-Time Buyers
C0277,Individual,Jordan,Garcia,1954-11-17,M,USA,Colorado,Investment,1,Yes,Agency,C0277,1123449.53,3,72,3,Luxury Investors
C0278,Individual,Margaret,Foster,1955-08-03,F,USA,California,Investment,2,Yes,Website,C0278,1442538.67,3,71,3,Luxury Investors
C0279,Individual,Heather,Montgomery,1967-05-15,F,USA,Oregon,Home,1,No,Website,C0279,1012986.25,3,59,1,First-Time Buyers
C0280,Individual,Nathan,Price,1944-04-14,M,USA,Florida,Home,4,No,Client,C0280,1282020.93,4,82,3,Luxury Investors
C0281,Individual,Katherine,Phillips,1977-03-22,F,USA,California,Home,1,Yes,Agency,C0281,1256275.37,3,49,3,Luxury Investors
C0282,Individual,Emily,Owens,1997-10-18,F,USA,California,Investment,1,No,Website,C0282,973863.8,4,29,1,First-Time Buyers
C0283,Individual,Susan,Edwards,1962-05-12,F,USA,Arizona,Home,2,Yes,Agency,C0283,1118599.47,4,64,3,Luxury Investors
C0284,Individual,Patrick,Owens,1977-02-25,M,USA,Arizona,Home,4,No,Client,C0284,1251975.85,4,49,3,Luxury Investors
C0285,Individual,Billy,Parker,1999-03-09,M,France,Ile-de-France,Investment,3,No,Website,C0285,1679056.13,4,27,0,Global Investors
C0286,Individual,Noah,Brooks,1996-03-24,M,UK,Scotland,Home,1,No,Agency,C0286,859353.0900000001,3,30,1,First-Time Buyers
C0287,Individual,Joan,Bell,1990-06-10,F,Australia,New South Wales,Home,5,No,Website,C0287,1171265.03,3,36,3,Luxury Investors
C0288,Individual,Kevin,Freeman,1997-11-03,M,USA,Colorado,Investment,4,No,Agency,C0288,1364289.23,4,29,3,Luxury Investors
C0289,Individual,Laura,Hayes,1993-06-14,F,USA,California,Investment,5,No,Agency,C0289,1533862.35,4,33,0,Global Investors
C0290,Individual,Ryan,Watson,1962-01-01,M,USA,California,Home,2,No,Website,C0290,1215398.18,3,64,3,Luxury Investors
C0291,Individual,James,Bryant,1953-07-06,M,USA,Nevada,Home,2,No,Agency,C0291,1322506.76,3,73,3,Luxury Investors
C0292,Individual,Karen,Watson,1945-12-02,F,USA,California,Home,1,No,Agency,C0292,1442818.3399999999,4,81,3,Luxury Investors
C0293,Individual,Ruth,Collins,1993-07-01,F,USA,California,Investment,4,No,Website,C0293,1580876.65,4,33,0,Global Investors
C0294,Individual,Nicholas,Reyes,1963-07-17,M,USA,Nevada,Home,3,Yes,Website,C0294,1027250.91,4,63,1,First-Time Buyers
C0295,Individual,Roger,Harris,1967-09-07,M,Russia,Tatarstan,Home,3,No,Agency,C0295,1350375.73,3,59,3,Luxury Investors
C0296,Individual,Mark,Young,1984-04-06,M,Canada,Manitoba,Home,1,Yes,Client,C0296,1142875.46,3,42,3,Luxury Investors
C0297,Individual,Julia,Murray,1972-11-19,F,UK,Wales,Investment,5,No,Agency,C0297,1709184.75,4,54,0,Global Investors
C0298,Individual,Sarah,Patterson,1972-11-10,F,USA,Oregon,Home,3,No,Website,C0298,1262479.23,4,54,3,Luxury Investors
C0299,Individual,Barbara,Davis,1977-05-03,F,UK,Wales,Home,5,No,Agency,C0299,1177661.76,4,49,3,Luxury Investors
C0300,Individual,Zachary,Peterson,1959-04-11,M,Canada,Alberta,Home,5,Yes,Website,C0300,844956.55,3,67,1,First-Time Buyers
C0301,Individual,Lisa,Alexander,1959-03-02,F,USA,Virginia,Home,4,No,Agency,C0301,1045776.52,3,67,1,First-Time Buyers
C0302,Individual,Maria,Edwards,1976-07-25,F,USA,Utah,Investment,1,No,Agency,C0302,1654300.33,4,50,0,Global Investors
C0303,Individual,Betty,Owens,1957-07-10,F,USA,Virginia,Investment,5,Yes,Website,C0303,1519113.12,4,69,0,Global Investors
C0304,Individual,Patrick,Morris,1959-12-22,M,USA,California,Investment,1,No,Agency,C0304,1685753.28,4,67,0,Global Investors
C0305,Individual,Emily,Kim,1995-11-22,F,USA,Arizona,Home,1,No,Website,C0305,1327736.23,3,31,3,Luxury Investors
C0306,Individual,Samuel,Foster,1988-04-05,M,USA,California,Home,1,No,Client,C0306,1399698.79,4,38,3,Luxury Investors
C0307,Individual,Samuel,Freeman,1992-10-13,M,USA,California,Home,5,Yes,Client,C0307,1490170.3800000001,4,34,0,Global Investors
C0308,Individual,Catherine,Roberts,1972-10-10,F,Belgium,Flanders,Investment,4,Yes,Agency,C0308,1176582.54,3,54,3,Luxury Investors
C0309,Individual,Stephanie,Cox,1957-10-15,F,USA,Washington,Home,4,No,Agency,C0309,1382649.58,3,69,3,Luxury Investors
C0310,Individual,Edward,Weaver,1992-05-02,M,UK,Northern Ireland,Home,3,No,Website,C0310,1389329.62,3,34,3,Luxury Investors
C0311,Individual,Justin,Anderson,1952-03-09,M,USA,Georgia,Home,2,No,Website,C0311,1632999.56,4,74,0,Global Investors
C0312,Individual,Zachary,Cooper,1941-01-14,M,USA,Nevada,Home,3,Yes,Website,C0312,1105668.66,4,85,3,Luxury Investors
C0313,Company,Stratos,Co,1974-04-12,M,USA,California,Home,1,No,Agency,C0313,1091085.9300000002,3,52,1,First-Time Buyers
C0314,Individual,Andrew,Jones,1982-08-23,M,USA,Washington,Investment,4,No,Agency,C0314,1040795.02,3,44,1,First-Time Buyers
C0315,Individual,Michael,Phillips,1987-03-18,M,Mexico,Baja California,Investment,5,No,Website,C0315,1178606.56,4,39,3,Luxury Investors
C0316,Individual,Brandon,Martin,1997-04-14,M,UK,Scotland,Investment,4,Yes,Website,C0316,1792447.27,4,29,0,Global Investors
C0317,Individual,Amber,Hansen,1999-11-17,F,USA,California,Investment,2,Yes,Website,C0317,1248444.31,3,27,3,Luxury Investors
C0318,Individual,Amy,Peterson,1974-03-22,F,Germany,Berlin,Home,5,No,Website,C0318,871968.67,3,52,1,First-Time Buyers
C0319,Company,Zynex,Co,1995-11-12,F,USA,Texas,Home,5,Yes,Website,C0319,2061054.65,4,31,0,Global Investors
C0320,Individual,Tyler,Cox,1984-12-01,M,USA,Texas,Home,3,Yes,Client,C0320,1317732.09,3,42,3,Luxury Investors
C0321,Individual,Jesse,Cook,1992-01-12,M,USA,California,Investment,2,No,Agency,C0321,1701753.71,4,34,0,Global Investors
C0322,Individual,Deborah,Moore,1996-12-25,F,USA,California,Home,2,Yes,Website,C0322,1347002.93,3,30,3,Luxury Investors
C0323,Individual,Samantha,Hayes,1975-09-16,F,USA,California,Investment,2,Yes,Website,C0323,1230825.62,3,51,3,Luxury Investors
C0324,Individual,Raymond,Parker,1993-06-14,M,USA,Washington,Home,4,No,Website,C0324,1147121.25,3,33,3,Luxury Investors
C0325,Individual,Maria,Flores,1983-02-24,F,USA,California,Home,5,Yes,Agency,C0325,1205175.56,4,43,3,Luxury Investors
C0326,Individual,Daniel,Reed,1958-05-10,M,USA,Oregon,Investment,4,Yes,Agency,C0326,1321975.5,4,68,3,Luxury Investors
C0327,Individual,Elizabeth,Ward,1961-07-09,F,UK,Scotland,Home,1,No,Agency,C0327,1116366.72,4,65,3,Luxury Investors
C0328,Individual,William,Young,1946-10-22,M,USA,California,Home,1,Yes,Client,C0328,1356560.31,4,80,3,Luxury Investors
C0329,Individual,Diane,Morales,1998-10-05,F,Germany,Hesse,Home,3,No,Agency,C0329,770062.4,3,28,1,First-Time Buyers
C0330,Individual,Christian,Richardson,1975-06-21,M,USA,California,Home,1,No,Website,C0330,1331463.63,4,51,3,Luxury Investors
C0331,Individual,Ann,Martin,1984-05-23,F,USA,California,Investment,3,No,Agency,C0331,1546334.4,4,42,0,Global Investors
C0332,Individual,Christopher,Price,1989-12-15,M,USA,Texas,Investment,3,No,Website,C0332,1209987.46,3,37,3,Luxury Investors
C0333,Individual,Helen,Hall,1955-12-23,F,UK,Wales,Home,3,No,Website,C0333,1118960.06,3,71,3,Luxury Investors
C0334,Individual,Andrew,Roberts,1950-08-01,M,USA,Arizona,Investment,3,No,Agency,C0334,1445655.93,4,76,3,Luxury Investors
C0335,Individual,Charles,Morris,1975-12-24,M,USA,Arizona,Home,4,No,Website,C0335,1478341.12,4,51,0,Global Investors
C0336,Individual,Karen,Price,1971-11-17,F,USA,California,Investment,5,No,Agency,C0336,1163690.5899999999,3,55,3,Luxury Investors
C0337,Individual,Nathan,Alexander,1942-01-27,M,USA,Arizona,Home,3,Yes,Website,C0337,759310.2,3,84,1,First-Time Buyers
C0338,Individual,Patrick,Flores,1943-05-28,M,USA,California,Home,5,Yes,Website,C0338,1488671.1300000001,4,83,0,Global Investors
C0339,Individual,Keith,King,1963-10-05,M,USA,Utah,Investment,5,No,Agency,C0339,1548824.23,4,63,0,Global Investors
C0340,Individual,Daniel,Garcia,1940-11-25,M,USA,California,Investment,2,No,Agency,C0340,1047500.4199999999,3,86,1,First-Time Buyers
C0341,Individual,Carl,Chavez,1982-11-10,M,USA,California,Investment,4,No,Agency,C0341,1679555.42,4,44,0,Global Investors
C0342,Individual,Kevin,Hughes,1974-08-15,M,USA,California,Investment,2,No,Client,C0342,1290567.3900000001,3,52,3,Luxury Investors
C0343,Individual,Joyce,Thompson,1952-06-17,F,USA,California,Home,2,No,Website,C0343,1630923.97,4,74,0,Global Investors
C0344,Individual,Joshua,Jackson,1997-05-13,M,Canada,British Columbia,Home,2,Yes,Website,C0344,1276344.68,4,29,3,Luxury Investors
C0345,Individual,Stephanie,Hall,1969-09-15,F,USA,New York,Home,4,Yes,Website,C0345,1339687.25,3,57,3,Luxury Investors
C0346,Individual,Amy,Nelson,1963-06-02,F,USA,California,Home,5,No,Agency,C0346,1174812.8599999999,3,63,3,Luxury Investors
C0347,Individual,Mark,Reyes,1992-05-24,M,USA,Washington,Home,3,Yes,Website,C0347,1378006.45,3,34,3,Luxury Investors
C0348,Individual,Jack,Pierce,1982-02-13,M,USA,Colorado,Investment,5,Yes,Agency,C0348,1482633.92,4,44,0,Global Investors
C0349,Individual,Paul,Jackson,1975-06-26,M,USA,Arizona,Home,2,Yes,Agency,C0349,1065745.84,3,51,1,First-Time Buyers
C0350,Individual,Richard,Jones,1992-12-11,M,USA,Arizona,Home,2,No,Agency,C0350,1066408.3,3,34,1,First-Time Buyers
C0351,Individual,Michelle,Watson,1961-12-27,F,USA,Oregon,Home,5,No,Agency,C0351,1551113.76,4,65,0,Global Investors
C0352,Individual,Judith,Williams,1977-06-22,F,USA,Nevada,Investment,3,No,Agency,C0352,1339830.04,3,49,3,Luxury Investors
C0353,Individual,Anna,Murray,1964-04-24,F,USA,Arizona,Home,2,No,Agency,C0353,889855.16,3,62,1,First-Time Buyers
C0354,Individual,Kimberly,Turner,1998-10-23,F,USA,California,Home,4,No,Website,C0354,962196.6000000001,3,28,1,First-Time Buyers
C0355,Individual,Henry,Alexander,1951-10-16,M,Mexico,Baja California,Investment,1,No,Website,C0355,1029593.97,3,75,1,First-Time Buyers
C0356,Individual,Andrea,Kim,1976-06-06,F,USA,Georgia,Home,3,No,Website,C0356,964351.9,4,50,1,First-Time Buyers
C0357,Individual,Danielle,Griffin,1988-04-09,F,USA,California,Home,3,No,Website,C0357,970629.22,3,38,1,First-Time Buyers
C0358,Individual,Katherine,Griffin,1978-09-26,F,Australia,New South Wales,Home,3,Yes,Agency,C0358,1150919.74,3,48,3,Luxury Investors
C0359,Individual,Julie,Cooper,1951-03-10,F,USA,California,Investment,1,No,Agency,C0359,1098189.8900000001,3,75,1,First-Time Buyers
C0360,Individual,Laura,Baker,1948-09-09,F,USA,Utah,Home,2,Yes,Agency,C0360,1978026.48,4,78,0,Global Investors
C0361,Individual,Nicholas,Miller,1958-09-08,M,UK,England,Home,1,Yes,Website,C0361,1468372.25,4,68,0,Global Investors
C0362,Individual,Betty,Moore,2000-09-06,F,USA,Utah,Home,4,No,Website,C0362,1129669.4,3,26,3,Luxury Investors
C0363,Individual,Christine,Edwards,1959-01-25,F,USA,Utah,Investment,2,No,Client,C0363,1232301.44,4,67,3,Luxury Investors
C0364,Individual,George,Gray,1944-03-02,M,USA,Texas,Home,2,No,Website,C0364,1492505.18,4,82,0,Global Investors
C0365,Individual,Brandon,Morales,1962-02-11,M,USA,Colorado,Investment,5,No,Agency,C0365,951259.9,3,64,1,First-Time Buyers
C0366,Individual,Keith,Long,1983-04-26,M,USA,California,Home,4,No,Website,C0366,1420135.32,3,43,3,Luxury Investors
C0367,Individual,Samuel,Collins,1964-11-25,M,USA,California,Investment,4,No,Agency,C0367,1662617.88,4,62,0,Global Investors
C0368,Individual,Betty,Scott,1992-08-11,F,USA,California,Home,4,Yes,Agency,C0368,1494552.45,4,34,0,Global Investors
C0369,Individual,Helen,Murray,1954-10-01,F,USA,Utah,Home,2,Yes,Agency,C0369,1586439.08,4,72,0,Global Investors
C0370,Individual,Michelle,Brooks,1957-09-23,F,Russia,Krasnodar Krai,Home,1,No,Website,C0370,1613633.3900000001,4,69,0,Global Investors
C0371,Individual,Ryan,Moore,1970-03-15,M,Belgium,Wallonia,Investment,3,No,Agency,C0371,827208.61,3,56,1,First-Time Buyers
C0372,Individual,Teresa,Nelson,1952-04-22,F,Belgium,Flanders,Investment,1,No,Agency,C0372,1280128.06,3,74,3,Luxury Investors
C0373,Individual,Karen,Morales,1993-01-27,F,USA,Georgia,Home,2,No,Agency,C0373,1047277.1799999999,3,33,1,First-Time Buyers
C0374,Individual,Madison,Hughes,1993-11-07,F,Australia,New South Wales,Investment,4,Yes,Agency,C0374,916825.86,4,33,1,First-Time Buyers
C0375,Individual,Kyle,Thompson,1968-07-15,M,USA,California,Investment,4,No,Website,C0375,1178580.6400000001,3,58,3,Luxury Investors
C0376,Individual,Shirley,Smith,1953-04-19,F,USA,California,Home,3,No,Website,C0376,1182808.29,3,73,3,Luxury Investors
C0377,Individual,Charles,Patterson,1998-05-14,M,USA,Washington,Home,4,No,Website,C0377,822780.32,3,28,1,First-Time Buyers
C0378,Individual,Heather,Anderson,1957-11-28,F,USA,California,Investment,3,Yes,Website,C0378,812387.51,3,69,1,First-Time Buyers
C0379,Company,Optima,Co,1977-04-22,M,USA,California,Investment,2,Yes,Client,C0379,1254919.3599999999,4,49,3,Luxury Investors
C0380,Individual,Evelyn,Chavez,1973-09-13,F,USA,California,Home,3,Yes,Website,C0380,939708.87,3,53,1,First-Time Buyers
C0381,Individual,David,Gray,1961-01-08,M,USA,California,Home,5,Yes,Agency,C0381,878913.19,3,65,1,First-Time Buyers
C0382,Individual,Nicholas,Garcia,1975-08-08,M,USA,California,Investment,1,Yes,Agency,C0382,980139.25,3,51,1,First-Time Buyers
C0383,Company,Novex,Co,1985-11-09,F,Mexico,Mexico City,Investment,3,No,Agency,C0383,968070.64,4,41,1,First-Time Buyers
C0384,Individual,Amy,Stewart,1944-03-22,F,USA,California,Home,3,Yes,Website,C0384,1010761.74,3,82,1,First-Time Buyers
C0385,Individual,Douglas,Owens,1969-01-12,M,UK,Northern Ireland,Investment,4,No,Website,C0385,1289646.4100000001,3,57,3,Luxury Investors
C0386,Individual,Carol,Stewart,1976-03-25,F,USA,Colorado,Home,2,No,Client,C0386,1633972.21,3,50,0,Global Investors
C0387,Individual,Jessica,Owens,1974-07-18,F,USA,California,Home,2,Yes,Website,C0387,1992983.55,4,52,0,Global Investors
C0388,Individual,Zachary,Cox,1995-09-24,M,USA,California,Home,4,No,Agency,C0388,961894.92,3,31,1,First-Time Buyers
C0389,Individual,Ronald,Stone,1954-11-18,M,USA,Colorado,Home,3,No,Website,C0389,1261549.0899999999,4,72,3,Luxury Investors
C0390,Individual,Steven,Griffin,1942-04-23,M,Canada,Quebec,Investment,2,No,Website,C0390,1678762.0699999998,4,84,0,Global Investors
C0391,Individual,Heather,Long,1966-11-12,F,USA,California,Home,5,No,Agency,C0391,1035012.9099999999,3,60,1,First-Time Buyers
C0392,Individual,Katherine,Adams,1977-06-14,F,USA,Arizona,Home,2,Yes,Website,C0392,1015830.03,4,49,1,First-Time Buyers
C0393,Individual,Nicole,Allen,1988-06-08,F,USA,Arizona,Home,4,No,Agency,C0393,1616556.78,4,38,0,Global Investors
C0394,Individual,Shirley,Foster,1954-11-24,F,USA,Colorado,Home,3,Yes,Website,C0394,1258840.0,4,72,3,Luxury Investors
C0395,Individual,Deborah,Chavez,1959-01-17,F,USA,Florida,Home,1,No,Website,C0395,1153134.48,3,67,3,Luxury Investors
C0396,Individual,Charles,Allen,2000-04-17,M,USA,Nevada,Home,5,No,Agency,C0396,1181447.25,4,26,3,Luxury Investors
C0397,Individual,Hannah,Williams,2000-09-18,F,USA,California,Home,5,No,Website,C0397,793543.27,3,26,1,First-Time Buyers
C0398,Individual,Jennifer,Alexander,1948-12-22,F,USA,Texas,Home,1,Yes,Agency,C0398,1186693.85,4,78,3,Luxury Investors
C0399,Individual,Albert,Kim,1984-06-09,M,USA,California,Home,4,No,Agency,C0399,1229057.49,4,42,3,Luxury Investors
C0400,Individual,Brandon,Anderson,1959-11-25,M,USA,California,Home,4,No,Agency,C0400,1360152.99,4,67,3,Luxury Investors
C0401,Individual,Brian,Anderson,1969-07-21,M,USA,Arizona,Home,5,Yes,Website,C0401,1020913.0700000001,4,57,1,First-Time Buyers
C0402,Individual,Brenda,Garcia,1941-02-22,F,USA,Georgia,Home,5,No,Website,C0402,1054166.95,3,85,1,First-Time Buyers
C0403,Individual,Jennifer,Adams,1963-03-25,F,Australia,New South Wales,Home,1,No,Website,C0403,878792.98,3,63,1,First-Time Buyers
C0404,Individual,Sara,Cook,1976-12-05,F,France,Normandy,Investment,1,No,Client,C0404,731788.96,3,50,1,First-Time Buyers
C0405,Company,Horizon,Co,1969-12-25,M,USA,Colorado,Home,1,No,Agency,C0405,1310963.25,4,57,3,Luxury Investors
C0406,Individual,Christine,Brown,1960-05-26,F,USA,Colorado,Home,3,No,Website,C0406,1317165.12,4,66,3,Luxury Investors
C0407,Individual,Lisa,Freeman,1982-04-23,F,USA,California,Home,2,No,Client,C0407,1254494.91,4,44,3,Luxury Investors
C0408,Individual,Tyler,Rogers,1977-02-03,M,USA,California,Home,3,No,Website,C0408,1320497.01,3,49,3,Luxury Investors
C0409,Individual,Timothy,Reyes,1972-09-18,M,USA,Nevada,Home,1,Yes,Website,C0409,1816669.2,4,54,0,Global Investors
C0410,Individual,Diane,Johnson,1982-07-13,F,Russia,Saint Petersburg,Home,5,Yes,Agency,C0410,1021706.02,3,44,1,First-Time Buyers
C0411,Individual,Amanda,Moore,1983-05-09,F,USA,California,Home,2,No,Website,C0411,896987.21,3,43,1,First-Time Buyers
C0412,Individual,Karen,Richardson,1984-04-24,F,UK,Scotland,Home,5,No,Website,C0412,1100376.25,3,42,1,First-Time Buyers
C0413,Individual,Brandon,Smith,1940-07-11,M,Canada,British Columbia,Home,3,No,Website,C0413,1769126.22,4,86,0,Global Investors
C0414,Individual,Brandon,Reed,1962-12-07,M,USA,California,Home,4,No,Website,C0414,1412148.94,4,64,3,Luxury Investors
C0415,Individual,Grace,Turner,1980-07-09,F,USA,Nevada,Home,5,Yes,Agency,C0415,1305928.3499999999,4,46,3,Luxury Investors
C0416,Company,Bravada,Co,1981-07-28,M,Germany,North Rhine-Westphalia,Investment,5,Yes,Client,C0416,1059532.51,3,45,1,First-Time Buyers
C0417,Individual,Peter,Collins,1947-12-03,M,USA,Utah,Home,2,No,Website,C0417,1354773.96,3,79,3,Luxury Investors
C0418,Individual,Douglas,Howard,1996-08-20,M,USA,Arizona,Home,5,No,Agency,C0418,1629486.83,4,30,0,Global Investors
C0419,Individual,Jack,Hansen,1962-11-03,M,USA,Washington,Home,3,Yes,Agency,C0419,1174012.19,4,64,3,Luxury Investors
C0420,Individual,Debra,Reyes,1994-01-04,F,USA,California,Home,5,No,Agency,C0420,1260096.1600000001,3,32,3,Luxury Investors
C0421,Individual,Zachary,Cox,1975-08-25,M,Germany,Hesse,Investment,5,Yes,Website,C0421,1495763.3699999999,4,51,0,Global Investors
C0422,Company,Telnox,Co,1973-11-13,F,USA,California,Home,1,Yes,Client,C0422,1653171.62,4,53,0,Global Investors
C0423,Individual,Rachel,Sanders,1950-04-17,F,USA,California,Home,1,No,Client,C0423,1068716.19,3,76,1,First-Time Buyers
C0424,Individual,Sarah,Stewart,1998-12-04,F,USA,Florida,Home,1,No,Website,C0424,1034036.3,3,28,1,First-Time Buyers
C0425,Individual,Gerald,Wright,1965-03-11,M,USA,Nevada,Home,2,No,Agency,C0425,1256932.48,3,61,3,Luxury Investors
C0426,Individual,Julie,Brown,1953-10-07,F,USA,Oregon,Home,4,Yes,Client,C0426,890250.61,3,73,1,First-Time Buyers
C0427,Individual,Sarah,Peterson,1994-09-06,F,USA,California,Home,4,Yes,Website,C0427,1457016.31,4,32,3,Luxury Investors
C0428,Individual,Gloria,Rogers,1962-07-20,F,USA,Oregon,Home,3,No,Agency,C0428,984451.32,4,64,1,First-Time Buyers
C0429,Individual,Danielle,Stone,1995-11-05,F,USA,California,Home,3,Yes,Website,C0429,1503904.1600000001,4,31,0,Global Investors
C0430,Individual,Roger,Wood,1974-10-05,M,USA,Nevada,Home,2,No,Agency,C0430,931141.96,3,52,1,First-Time Buyers
C0431,Individual,Austin,King,1969-05-05,M,USA,California,Home,5,Yes,Website,C0431,1544751.33,4,57,0,Global Investors
C0432,Company,Grandis,Co,1995-02-17,M,USA,California,Home,5,No,Agency,C0432,1277850.15,4,31,3,Luxury Investors
C0433,Individual,Ruth,Hughes,1969-03-03,F,USA,California,Investment,2,Yes,Website,C0433,1937061.37,4,57,0,Global Investors
C0434,Individual,Amanda,Sanders,1964-12-25,F,Russia,Tatarstan,Home,5,No,Website,C0434,1364889.24,3,62,3,Luxury Investors
C0435,Individual,Sara,Richardson,1966-01-25,F,Australia,New South Wales,Home,5,Yes,Website,C0435,908970.34,3,60,1,First-Time Buyers
C0436,Individual,Brandon,Jones,1972-05-12,M,USA,Colorado,Home,2,Yes,Client,C0436,1327594.64,4,54,3,Luxury Investors
C0437,Individual,Danielle,James,1990-10-05,F,USA,Texas,Home,1,No,Website,C0437,657032.8200000001,3,36,1,First-Time Buyers
C0438,Individual,Gregory,Collins,1982-10-09,M,USA,Georgia,Investment,1,Yes,Client,C0438,1458641.1,4,44,3,Luxury Investors
C0439,Individual,Larry,Thompson,1956-03-08,M,USA,Virginia,Home,2,No,Agency,C0439,1273328.62,3,70,3,Luxury Investors
C0440,Individual,Lawrence,Parker,1960-07-13,M,USA,California,Investment,1,No,Agency,C0440,703498.83,3,66,1,First-Time Buyers
C0441,Individual,Joan,Foster,1980-10-01,F,Russia,Krasnodar Krai,Investment,1,No,Agency,C0441,1525849.55,4,46,0,Global Investors
C0442,Individual,Sarah,Hansen,1975-04-14,F,USA,Colorado,Home,3,Yes,Website,C0442,1707466.97,4,51,0,Global Investors
C0443,Individual,Noah,Foster,1950-06-22,M,Denmark,Capital Region,Home,1,Yes,Agency,C0443,1355839.1,3,76,3,Luxury Investors
C0444,Individual,Jennifer,Martin,1941-03-15,F,USA,California,Home,2,No,Website,C0444,1054514.54,4,85,1,First-Time Buyers
C0445,Individual,Michelle,Evans,1995-11-12,F,USA,California,Home,2,Yes,Website,C0445,1425691.63,4,31,3,Luxury Investors
C0446,Individual,Douglas,Thomas,1955-02-01,M,USA,Colorado,Home,2,No,Website,C0446,1024655.04,3,71,1,First-Time Buyers
C0447,Individual,Patricia,Johnson,1956-06-27,F,USA,New York,Home,2,No,Website,C0447,1543592.15,3,70,0,Global Investors
C0448,Individual,Mark,White,1980-06-10,M,USA,Nevada,Investment,2,No,Agency,C0448,942066.48,3,46,1,First-Time Buyers
C0449,Individual,Jordan,King,1972-06-24,M,USA,Oregon,Investment,2,No,Agency,C0449,1418922.44,3,54,3,Luxury Investors
C0450,Individual,Matthew,Jackson,1992-02-19,M,Mexico,Nuevo Leon,Home,3,No,Website,C0450,1555297.3699999999,4,34,0,Global Investors
C0451,Individual,Larry,Anderson,1985-09-20,M,Canada,Alberta,Investment,5,Yes,Client,C0451,1665967.4100000001,4,41,0,Global Investors
C0452,Individual,Brandon,Adams,1967-10-17,M,USA,Washington,Home,3,No,Website,C0452,1398358.69,4,59,3,Luxury Investors
C0453,Individual,Carl,Wood,1993-04-16,M,UK,Scotland,Investment,1,No,Website,C0453,1321010.76,4,33,3,Luxury Investors
C0454,Company,Altira,Co,1961-04-01,F,USA,Nevada,Investment,4,No,Agency,C0454,980683.73,3,65,1,First-Time Buyers
C0455,Individual,Karen,Williams,1963-02-01,F,USA,California,Home,1,No,Agency,C0455,1125726.62,4,63,3,Luxury Investors
C0456,Individual,Virginia,Brooks,1995-11-18,F,USA,Oregon,Home,3,Yes,Website,C0456,1349210.55,3,31,3,Luxury Investors
C0457,Individual,Kenneth,Hansen,1980-07-19,M,UK,Wales,Investment,1,No,Agency,C0457,1399940.21,3,46,3,Luxury Investors
C0458,Individual,Thomas,Turner,1995-07-04,M,USA,Oregon,Investment,1,No,Agency,C0458,1382881.81,4,31,3,Luxury Investors
C0459,Individual,Steven,Johnson,1955-03-23,M,USA,California,Home,3,No,Agency,C0459,821716.14,3,71,1,First-Time Buyers
C0460,Individual,Amanda,Cox,1992-12-25,F,USA,Virginia,Home,1,No,Website,C0460,1061349.03,3,34,1,First-Time Buyers
C0461,Individual,Jonathan,Peterson,1960-02-16,M,USA,Arizona,Home,1,No,Agency,C0461,986630.39,3,66,1,First-Time Buyers
C0462,Individual,Eric,White,1943-10-22,M,Australia,Victoria,Home,2,No,Agency,C0462,1606667.68,4,83,0,Global Investors
C0463,Individual,Nicholas,Garcia,1970-06-13,M,USA,California,Home,5,No,Client,C0463,1235094.73,4,56,3,Luxury Investors
C0464,Individual,Gregory,Turner,1974-12-11,M,USA,Florida,Home,5,No,Website,C0464,1455550.0,4,52,3,Luxury Investors
C0465,Individual,George,Carter,1949-09-02,M,USA,California,Home,3,No,Website,C0465,707799.9199999999,3,77,1,First-Time Buyers
C0466,Individual,Patricia,Cox,1988-05-19,F,USA,Virginia,Investment,2,No,Website,C0466,1228651.21,4,38,3,Luxury Investors
C0467,Individual,Rebecca,Chavez,1952-04-05,F,USA,Ohio,Home,1,Yes,Agency,C0467,976066.93,3,74,1,First-Time Buyers
C0468,Individual,Raymond,Smith,1952-11-13,M,Mexico,Jalisco,Investment,3,Yes,Website,C0468,1267396.7999999998,3,74,3,Luxury Investors
C0469,Individual,Adam,Foster,1997-03-23,M,USA,California,Home,2,No,Website,C0469,1518476.47,4,29,0,Global Investors
C0470,Individual,Joan,Anderson,1963-02-17,F,USA,Oregon,Home,1,No,Agency,C0470,862552.54,3,63,1,First-Time Buyers
C0471,Individual,Gary,Collins,1984-06-26,M,USA,Utah,Investment,3,No,Agency,C0471,1084997.39,3,42,1,First-Time Buyers
C0472,Individual,Edward,Moore,1951-10-04,M,USA,California,Home,4,No,Website,C0472,1277486.3699999999,3,75,3,Luxury Investors
C0473,Individual,Sharon,Price,1981-08-09,F,USA,California,Home,3,No,Agency,C0473,1304527.6600000001,4,45,3,Luxury Investors
C0474,Individual,Gregory,Young,1995-12-08,M,USA,Nevada,Home,1,No,Website,C0474,962015.29,4,31,1,First-Time Buyers
C0475,Individual,William,Brooks,1946-08-18,M,Belgium,Wallonia,Investment,2,Yes,Agency,C0475,1234470.16,3,80,3,Luxury Investors
C0476,Individual,Steven,Johnson,1997-04-05,M,USA,Florida,Home,3,No,Agency,C0476,1485303.01,4,29,0,Global Investors
C0477,Individual,Jesse,Stone,1984-02-01,M,USA,California,Investment,4,Yes,Website,C0477,1535114.88,3,42,0,Global Investors
C0478,Individual,Ashley,Garcia,1940-08-02,F,USA,Ohio,Investment,4,No,Website,C0478,774892.79,3,86,1,First-Time Buyers
C0479,Individual,Virginia,Wright,1978-04-06,F,USA,California,Home,2,Yes,Agency,C0479,1172782.93,4,48,3,Luxury Investors
C0480,Individual,Scott,Bryant,1974-09-16,M,USA,California,Home,4,Yes,Website,C0480,1033261.03,4,52,1,First-Time Buyers
C0481,Individual,Sean,Williams,1976-12-12,M,USA,Arizona,Home,3,No,Agency,C0481,1365460.24,4,50,3,Luxury Investors
C0482,Individual,Deborah,Brown,1980-10-08,F,USA,New York,Investment,3,Yes,Agency,C0482,1006132.77,3,46,1,First-Time Buyers
C0483,Individual,Kevin,Jackson,1985-11-08,M,USA,Arizona,Investment,1,No,Website,C0483,881113.79,3,41,1,First-Time Buyers
C0484,Individual,Janet,Wright,1989-04-19,F,USA,Texas,Investment,3,No,Website,C0484,1313240.67,4,37,3,Luxury Investors
C0485,Individual,Julia,Morales,1991-10-07,F,USA,Arizona,Home,2,No,Website,C0485,1000841.1799999999,3,35,1,First-Time Buyers
C0486,Individual,Billy,Carter,1999-09-16,M,USA,California,Investment,2,Yes,Website,C0486,1090587.66,3,27,1,First-Time Buyers
C0487,Individual,Jessica,Williams,1991-10-23,F,USA,Washington,Home,5,No,Website,C0487,1576272.71,4,35,0,Global Investors
C0488,Individual,Megan,Jackson,1979-05-11,F,USA,California,Investment,4,No,Agency,C0488,1218265.3599999999,4,47,3,Luxury Investors
C0489,Individual,Austin,Jordan,1950-06-08,M,Germany,Berlin,Investment,2,No,Website,C0489,1025274.77,3,76,1,First-Time Buyers
C0490,Individual,Emily,Wright,1954-01-23,F,USA,Nevada,Investment,5,Yes,Website,C0490,1292367.93,3,72,3,Luxury Investors
C0491,Individual,Noah,White,1941-08-05,M,USA,Washington,Home,2,No,Website,C0491,1106379.8,3,85,3,Luxury Investors
C0492,Individual,Raymond,Price,2000-05-07,M,USA,Utah,Home,3,Yes,Website,C0492,1300917.1,4,26,3,Luxury Investors
C0493,Individual,Tyler,Hughes,1954-07-06,M,USA,Colorado,Home,3,No,Website,C0493,1312198.98,4,72,3,Luxury Investors
C0494,Individual,Grace,Carter,1990-08-03,F,USA,California,Home,3,Yes,Website,C0494,1052676.65,4,36,1,First-Time Buyers
C0495,Individual,Jerry,Hall,1954-02-18,M,USA,California,Investment,5,No,Client,C0495,1246742.44,4,72,3,Luxury Investors
C0496,Individual,Billy,Reyes,1990-01-04,M,USA,California,Home,4,No,Agency,C0496,1120376.44,4,36,3,Luxury Investors
C0497,Individual,Emma,Stewart,1985-02-02,F,USA,Arizona,Investment,4,Yes,Website,C0497,1330684.99,3,41,3,Luxury Investors
C0498,Individual,Nancy,Collins,1948-11-21,F,Canada,Alberta,Home,2,Yes,Website,C0498,1007455.29,3,78,1,First-Time Buyers
C0499,Individual,Lisa,Patterson,1946-02-10,F,USA,Colorado,Home,3,Yes,Agency,C0499,897769.81,3,80,1,First-Time Buyers
C0500,Individual,Dennis,Howard,1977-03-15,M,USA,California,Home,4,Yes,Website,C0500,1294944.52,3,49,3,Luxury Investors
C0501,Individual,Kenneth,Jackson,1995-11-12,M,USA,Nevada,Investment,5,Yes,Agency,C0501,1741166.27,4,31,0,Global Investors
C0502,Individual,Madison,Gray,1966-11-28,F,USA,Arizona,Home,4,No,Website,C0502,1537989.75,4,60,0,Global Investors
C0503,Individual,Keith,Peterson,1943-09-26,M,USA,Utah,Investment,2,Yes,Client,C0503,1432167.34,4,83,3,Luxury Investors
C0504,Individual,Jeffrey,Green,1992-01-14,M,USA,Utah,Home,2,No,Website,C0504,1367188.58,4,34,3,Luxury Investors
C0505,Individual,Katherine,Wilson,1995-07-18,F,USA,Arizona,Home,3,No,Agency,C0505,1043535.21,3,31,1,First-Time Buyers
C0506,Individual,Albert,Stone,1967-07-04,M,USA,California,Home,5,No,Agency,C0506,1122203.03,3,59,3,Luxury Investors
C0507,Individual,Mark,Morales,1951-02-26,M,USA,New York,Home,3,No,Website,C0507,1062656.6099999999,3,75,1,First-Time Buyers
C0508,Individual,Grace,Weaver,1970-01-06,F,USA,Nevada,Home,5,No,Agency,C0508,833710.06,3,56,1,First-Time Buyers
C0509,Individual,Aaron,Cook,1956-04-02,M,Belgium,Wallonia,Home,3,No,Website,C0509,1687930.25,4,70,0,Global Investors
C0510,Individual,Samantha,Evans,1947-08-28,F,France,Brittany,Investment,1,Yes,Website,C0510,1094232.67,3,79,1,First-Time Buyers
C0511,Individual,Christine,Parker,1954-07-20,F,UK,England,Home,2,No,Website,C0511,1090537.6,3,72,1,First-Time Buyers
C0512,Individual,Hannah,Flores,1945-06-27,F,USA,Arizona,Home,1,No,Client,C0512,1448158.1400000001,3,81,3,Luxury Investors
C0513,Individual,Christian,Morales,1999-03-07,M,USA,Florida,Home,2,Yes,Agency,C0513,974596.63,3,27,1,First-Time Buyers
C0514,Individual,Rebecca,Evans,1977-08-17,F,USA,Oregon,Home,1,Yes,Website,C0514,1528027.54,4,49,0,Global Investors
C0515,Individual,Melissa,Patterson,1963-09-12,F,USA,California,Home,1,Yes,Website,C0515,1561824.93,4,63,0,Global Investors
C0516,Individual,Lawrence,Nelson,1946-04-21,M,USA,Utah,Home,3,No,Website,C0516,1437837.49,4,80,3,Luxury Investors
C0517,Individual,Harold,Thompson,1959-03-20,M,USA,California,Home,5,No,Client,C0517,1115807.0,4,67,3,Luxury Investors
C0518,Company,Lumina,Co,1962-05-22,F,USA,New York,Home,3,No,Website,C0518,1633111.65,4,64,0,Global Investors
C0519,Individual,Madison,Freeman,1975-10-04,F,USA,Arizona,Investment,3,No,Agency,C0519,981719.26,3,51,1,First-Time Buyers
C0520,Individual,Helen,White,1970-02-11,F,USA,Oregon,Home,3,Yes,Agency,C0520,1033523.16,3,56,1,First-Time Buyers
C0521,Individual,Stephanie,Allen,1967-04-02,F,Canada,British Columbia,Home,3,No,Website,C0521,1074306.5,4,59,1,First-Time Buyers
C0522,Individual,Nicole,Campbell,1942-07-13,F,USA,Virginia,Home,5,No,Agency,C0522,993023.13,3,84,1,First-Time Buyers
C0523,Individual,Cynthia,Hansen,1960-08-22,F,USA,Colorado,Home,2,No,Agency,C0523,928962.95,3,66,1,First-Time Buyers
C0524,Individual,Harold,Thompson,1953-05-24,M,USA,Washington,Home,3,No,Website,C0524,801104.6900000001,3,73,1,First-Time Buyers
C0525,Individual,Frank,Gray,1950-06-12,M,USA,Arizona,Home,4,Yes,Agency,C0525,1629457.52,4,76,0,Global Investors
C0526,Individual,Harold,Green,1968-02-28,M,Germany,Bavaria,Home,5,No,Website,C0526,1301139.77,3,58,3,Luxury Investors
C0527,Individual,Andrew,Baker,1979-07-19,M,USA,California,Home,2,No,Website,C0527,1138099.7,3,47,3,Luxury Investors
C0528,Individual,Benjamin,Davis,2000-08-09,M,USA,Washington,Investment,2,No,Client,C0528,1118472.87,3,26,3,Luxury Investors
C0529,Individual,Paul,Jordan,1973-11-14,M,USA,Nevada,Home,4,Yes,Website,C0529,1268138.95,4,53,3,Luxury Investors
C0530,Individual,Patricia,Reed,1952-09-07,F,USA,Utah,Home,2,Yes,Agency,C0530,1559124.69,4,74,0,Global Investors
C0531,Individual,Emily,White,1976-09-19,F,USA,California,Home,1,No,Website,C0531,1911300.7799999998,4,50,0,Global Investors
C0532,Individual,Lauren,Moore,1979-08-12,F,Belgium,Flanders,Home,2,No,Website,C0532,1075202.77,4,47,1,First-Time Buyers
C0533,Individual,Jeffrey,Williams,1963-09-06,M,USA,Nevada,Investment,1,No,Agency,C0533,990028.19,4,63,1,First-Time Buyers
C0534,Individual,Bryan,Miller,1958-02-21,M,USA,California,Investment,1,No,Agency,C0534,1133195.2,3,68,3,Luxury Investors
C0535,Individual,Judith,Allen,1987-12-22,F,UK,Wales,Home,3,No,Agency,C0535,1299053.94,3,39,3,Luxury Investors
C0536,Individual,Brittany,Weaver,1956-03-14,F,USA,Arizona,Investment,5,Yes,Website,C0536,983106.8400000001,3,70,1,First-Time Buyers
C0537,Individual,Carl,Baker,1962-04-25,M,USA,Florida,Home,2,No,Client,C0537,1490327.5,4,64,0,Global Investors
C0538,Individual,Richard,Pierce,1969-04-23,M,USA,California,Home,1,Yes,Agency,C0538,1206897.7000000002,4,57,3,Luxury Investors
C0539,Individual,Lawrence,Bryant,1991-02-25,M,USA,California,Investment,1,Yes,Agency,C0539,1645321.2,4,35,0,Global Investors
C0540,Individual,Anna,Long,1997-02-27,F,USA,New York,Home,3,No,Agency,C0540,494173.31,3,29,1,First-Time Buyers
C0541,Individual,Anthony,Garcia,2000-03-22,M,UK,Northern Ireland,Home,3,No,Agency,C0541,1721673.54,4,26,0,Global Investors
C0542,Company,Lumina,Co,1985-09-26,M,Mexico,Mexico City,Home,3,No,Website,C0542,1195819.4,4,41,3,Luxury Investors
C0543,Individual,Joan,Parker,1947-07-23,F,USA,Texas,Home,2,Yes,Website,C0543,753145.67,3,79,1,First-Time Buyers
C0544,Individual,Kevin,White,1974-10-16,M,USA,Utah,Home,2,No,Website,C0544,1636756.28,4,52,0,Global Investors
C0545,Individual,Paul,Griffin,1942-08-04,M,USA,Colorado,Home,1,Yes,Agency,C0545,1260126.39,3,84,3,Luxury Investors
C0546,Individual,Samuel,Flores,1967-12-23,M,Canada,Manitoba,Home,4,No,Client,C0546,795528.06,3,59,1,First-Time Buyers
C0547,Individual,Diane,Allen,1947-09-20,F,USA,California,Investment,2,No,Agency,C0547,1178457.95,4,79,3,Luxury Investors
C0548,Individual,Christopher,Foster,1980-04-11,M,USA,California,Home,2,No,Agency,C0548,1047476.9299999999,3,46,1,First-Time Buyers
C0549,Individual,Daniel,Sanders,1972-10-15,M,USA,Florida,Home,4,No,Website,C0549,941219.76,3,54,1,First-Time Buyers
C0550,Company,Vertex,Co,1967-04-09,F,USA,Nevada,Home,1,No,Agency,C0550,1414568.09,4,59,3,Luxury Investors
C0551,Individual,Billy,Freeman,1960-05-17,M,USA,California,Investment,4,No,Website,C0551,1007397.56,3,66,1,First-Time Buyers
C0552,Individual,Kyle,Cook,1965-10-20,M,USA,Virginia,Investment,3,No,Agency,C0552,1141476.56,3,61,3,Luxury Investors
C0553,Individual,James,Bell,1978-11-26,M,USA,Arizona,Home,3,No,Website,C0553,821534.9400000001,3,48,1,First-Time Buyers
C0554,Individual,Carl,Moore,1948-12-24,M,Australia,Victoria,Home,1,Yes,Agency,C0554,1643592.85,4,78,0,Global Investors
C0555,Individual,Aaron,Nelson,1971-04-23,M,USA,California,Investment,4,Yes,Agency,C0555,1064533.27,3,55,1,First-Time Buyers
C0556,Individual,Zachary,Sanders,1958-10-17,M,USA,Colorado,Home,5,No,Website,C0556,1335478.18,3,68,3,Luxury Investors
C0557,Individual,Judy,Griffin,1941-09-25,F,USA,Utah,Investment,2,No,Website,C0557,733161.98,3,85,1,First-Time Buyers
C0558,Individual,Cheryl,Wood,1974-10-23,F,Denmark,North Denmark,Home,3,No,Website,C0558,1033995.96,3,52,1,First-Time Buyers
C0559,Company,Corvus,Co,1969-08-18,M,USA,California,Home,5,No,Client,C0559,1004028.87,4,57,1,First-Time Buyers
C0560,Individual,Janice,Nelson,1988-04-20,F,Australia,South Australia,Home,3,No,Website,C0560,1433718.12,3,38,3,Luxury Investors
C0561,Company,Bravada,Co,1962-11-20,F,USA,Arizona,Investment,3,No,Website,C0561,1589252.43,4,64,0,Global Investors
C0562,Individual,Judy,Peterson,1940-11-23,F,USA,Utah,Investment,5,Yes,Website,C0562,1423675.7200000002,4,86,3,Luxury Investors
C0563,Individual,William,Howard,1991-01-22,M,USA,California,Home,2,Yes,Agency,C0563,1012807.9299999999,4,35,1,First-Time Buyers
C0564,Individual,Scott,Adams,1952-09-02,M,USA,Texas,Home,1,No,Agency,C0564,1135017.6,3,74,3,Luxury Investors
C0565,Individual,Austin,Wood,1985-09-26,M,France,Brittany,Home,1,No,Website,C0565,1043494.3200000001,3,41,1,First-Time Buyers
C0566,Individual,Janice,Miller,2000-12-09,F,USA,Oregon,Investment,4,Yes,Agency,C0566,1167701.9,4,26,3,Luxury Investors
C0567,Individual,Megan,Chavez,1953-10-07,F,Russia,Saint Petersburg,Investment,2,Yes,Agency,C0567,1869286.1,4,73,0,Global Investors
C0568,Individual,Timothy,Wright,1953-09-04,M,USA,California,Home,3,No,Website,C0568,944335.88,3,73,1,First-Time Buyers
C0569,Individual,Mary,Cook,1971-12-05,F,USA,California,Home,5,Yes,Client,C0569,1384749.3,3,55,3,Luxury Investors
C0570,Individual,Hannah,Peterson,1965-06-03,F,France,Occitanie,Home,5,Yes,Website,C0570,1527210.47,4,61,0,Global Investors
C0571,Individual,Adam,Chavez,1966-07-03,M,USA,California,Home,3,No,Website,C0571,1549969.49,4,60,0,Global Investors
C0572,Individual,Ann,Johnson,1993-11-12,F,USA,California,Investment,5,No,Website,C0572,1519677.44,4,33,0,Global Investors
C0573,Company,Altira,Co,1977-04-24,M,USA,Georgia,Home,4,Yes,Agency,C0573,785842.76,3,49,1,First-Time Buyers
C0574,Individual,Gerald,Cox,1968-09-15,M,USA,California,Home,2,No,Agency,C0574,1261906.32,4,58,3,Luxury Investors
C0575,Individual,Brian,Hansen,1966-01-21,M,USA,California,Investment,2,No,Website,C0575,1018391.27,3,60,1,First-Time Buyers
C0576,Individual,Terry,Reyes,1959-02-24,M,Germany,Hamburg,Home,1,No,Client,C0576,1047406.79,3,67,1,First-Time Buyers
C0577,Individual,Christopher,Miller,1989-05-18,M,USA,Arizona,Home,3,No,Website,C0577,693899.0099999999,3,37,1,First-Time Buyers
C0578,Individual,Lauren,Rogers,1999-07-22,F,USA,Arizona,Home,5,Yes,Client,C0578,707276.53,3,27,1,First-Time Buyers
C0579,Individual,Christopher,Ward,1941-09-04,M,USA,Texas,Investment,3,No,Website,C0579,1198428.6400000001,3,85,3,Luxury Investors
C0580,Individual,Heather,Watson,1948-11-01,F,USA,California,Home,2,Yes,Client,C0580,2158954.7800000003,4,78,2,Corporate Buyers
C0581,Individual,Kimberly,Stewart,1957-12-21,F,USA,California,Investment,5,Yes,Website,C0581,1029755.56,4,69,1,First-Time Buyers
C0582,Individual,Teresa,Pierce,1940-02-10,F,USA,Washington,Investment,3,Yes,Website,C0582,708559.1499999999,3,86,1,First-Time Buyers
C0583,Individual,Kevin,Scott,1986-10-27,M,USA,California,Home,2,No,Agency,C0583,1237228.18,4,40,3,Luxury Investors
C0584,Individual,Janice,Taylor,1982-11-03,F,USA,California,Home,5,No,Website,C0584,1135691.62,3,44,3,Luxury Investors
C0585,Individual,Anthony,Edwards,1961-02-07,M,USA,Colorado,Home,3,No,Agency,C0585,1003690.1799999999,4,65,1,First-Time Buyers
C0586,Individual,Noah,Morales,1977-06-14,M,USA,California,Home,2,Yes,Client,C0586,1226524.31,3,49,3,Luxury Investors
C0587,Individual,Pamela,Richardson,1992-11-24,F,USA,New York,Home,4,No,Website,C0587,1093439.8399999999,4,34,1,First-Time Buyers
C0588,Individual,Janice,White,1989-11-20,F,USA,Florida,Home,2,No,Website,C0588,1495976.1400000001,4,37,0,Global Investors
C0589,Individual,Christopher,Williams,1946-09-21,M,USA,Texas,Investment,5,No,Client,C0589,1982246.22,4,80,0,Global Investors
C0590,Individual,Arthur,Campbell,1966-09-16,M,UK,Scotland,Investment,2,No,Website,C0590,1105388.8900000001,4,60,3,Luxury Investors
C0591,Individual,Dorothy,Long,1968-09-03,F,USA,Nevada,Home,1,No,Website,C0591,1336217.65,3,58,3,Luxury Investors
C0592,Individual,Roger,Moore,1972-03-06,M,USA,Arizona,Investment,2,No,Client,C0592,787516.58,3,54,1,First-Time Buyers
C0593,Individual,Elizabeth,Carter,1952-08-08,F,USA,California,Home,2,Yes,Agency,C0593,2012063.38,4,74,0,Global Investors
C0594,Individual,Diane,Patterson,1942-08-02,F,USA,Utah,Home,1,No,Agency,C0594,1137572.87,3,84,3,Luxury Investors
C0595,Individual,Anna,Murray,1966-10-06,F,USA,Utah,Home,3,No,Agency,C0595,914304.97,3,60,1,First-Time Buyers
C0596,Individual,Gerald,Phillips,1976-04-17,M,USA,Nevada,Home,4,No,Agency,C0596,1094771.49,4,50,1,First-Time Buyers
C0597,Individual,Peter,King,1986-02-17,M,UK,Northern Ireland,Home,2,Yes,Website,C0597,976844.1699999999,3,40,1,First-Time Buyers
C0598,Individual,Jacob,Gray,1949-06-24,M,USA,Colorado,Investment,4,No,Website,C0598,1398930.7000000002,4,77,3,Luxury Investors
C0599,Individual,Jennifer,Turner,1998-03-19,F,Canada,Alberta,Home,2,No,Agency,C0599,1162815.78,3,28,3,Luxury Investors
C0600,Individual,Thomas,King,1984-03-17,M,USA,Oregon,Investment,1,No,Client,C0600,917709.61,3,42,1,First-Time Buyers
C0601,Individual,Lisa,Nelson,1972-10-16,F,USA,California,Home,4,No,Website,C0601,1700411.72,4,54,0,Global Investors
C0602,Individual,Albert,Hayes,1984-03-24,M,Germany,Bavaria,Home,4,No,Agency,C0602,905508.82,4,42,1,First-Time Buyers
C0603,Individual,Diane,Thompson,1994-01-07,F,USA,New York,Home,4,Yes,Agency,C0603,1218095.3,4,32,3,Luxury Investors
C0604,Individual,Danielle,Montgomery,1998-09-17,F,Belgium,Wallonia,Home,1,No,Agency,C0604,791133.03,3,28,1,First-Time Buyers
C0605,Individual,Nathan,Flores,1974-06-28,M,USA,Utah,Home,4,Yes,Agency,C0605,1407314.33,4,52,3,Luxury Investors
C0606,Individual,Carolyn,Stone,1949-12-25,F,France,Ile-de-France,Investment,1,No,Website,C0606,1070969.53,3,77,1,First-Time Buyers
C0607,Individual,Daniel,Edwards,1962-09-14,M,USA,California,Home,1,No,Agency,C0607,1125230.1199999999,3,64,3,Luxury Investors
C0608,Individual,Jerry,Adams,1956-06-14,M,USA,California,Home,4,No,Agency,C0608,1201411.56,4,70,3,Luxury Investors
C0609,Individual,Julia,Richardson,1961-05-22,F,USA,Washington,Home,4,No,Agency,C0609,1307567.64,4,65,3,Luxury Investors
C0610,Individual,Ann,Owens,1970-05-10,F,USA,California,Investment,4,No,Website,C0610,1178597.68,3,56,3,Luxury Investors
C0611,Individual,Jacob,Price,1950-12-06,M,USA,California,Home,4,No,Agency,C0611,1142671.94,4,76,3,Luxury Investors
C0612,Individual,Kevin,Wood,1960-01-26,M,USA,Florida,Home,4,No,Agency,C0612,1671846.3,4,66,0,Global Investors
C0613,Individual,Cynthia,Cox,1995-10-02,F,Australia,Victoria,Home,4,No,Agency,C0613,1186019.52,3,31,3,Luxury Investors
C0614,Individual,George,Bryant,1972-01-07,M,UK,Wales,Home,3,Yes,Website,C0614,1025958.38,4,54,1,First-Time Buyers
C0615,Individual,Jordan,King,1957-01-12,M,USA,Utah,Home,2,Yes,Website,C0615,919002.01,4,69,1,First-Time Buyers
C0616,Individual,Julie,Brooks,1963-04-17,F,USA,Virginia,Investment,1,Yes,Agency,C0616,1013364.3,3,63,1,First-Time Buyers
C0617,Individual,Carolyn,Evans,1986-10-07,F,USA,Ohio,Home,5,Yes,Website,C0617,766861.21,3,40,1,First-Time Buyers
C0618,Individual,Austin,Taylor,1968-05-11,M,USA,Texas,Home,3,No,Agency,C0618,982803.0,3,58,1,First-Time Buyers
C0619,Individual,Heather,Morales,1970-04-25,F,USA,Washington,Home,4,No,Website,C0619,1411977.41,3,56,3,Luxury Investors
C0620,Individual,Sarah,Howard,1960-04-22,F,France,Brittany,Home,3,No,Website,C0620,1532429.29,3,66,0,Global Investors
C0621,Individual,Jonathan,Turner,1982-02-13,M,Germany,Bavaria,Investment,3,Yes,Agency,C0621,791609.11,3,44,1,First-Time Buyers
C0622,Individual,Katherine,Ward,1987-10-09,F,USA,Washington,Investment,2,No,Client,C0622,869334.73,3,39,1,First-Time Buyers
C0623,Individual,Jonathan,Adams,1986-04-27,M,USA,Florida,Investment,3,Yes,Client,C0623,1410333.45,4,40,3,Luxury Investors
C0624,Individual,Carl,Jordan,2000-09-02,M,USA,Nevada,Investment,3,No,Agency,C0624,1215611.54,3,26,3,Luxury Investors
C0625,Individual,Deborah,Hayes,1983-07-08,F,Belgium,Flanders,Investment,2,Yes,Agency,C0625,1000166.88,4,43,1,First-Time Buyers
C0626,Individual,Sara,Jones,1968-06-13,F,Germany,Hamburg,Investment,2,No,Website,C0626,1061694.1300000001,3,58,1,First-Time Buyers
C0627,Individual,Katherine,Johnson,2000-11-07,F,USA,Arizona,Home,3,No,Agency,C0627,1870806.42,4,26,0,Global Investors
C0628,Individual,Arthur,Campbell,1985-05-16,M,Canada,British Columbia,Home,3,Yes,Agency,C0628,1623109.63,4,41,0,Global Investors
C0629,Individual,Maria,Richardson,1946-07-09,F,USA,California,Investment,2,No,Agency,C0629,961721.77,3,80,1,First-Time Buyers
C0630,Individual,Stephen,Roberts,1965-07-28,M,USA,California,Home,2,No,Website,C0630,1308077.6099999999,4,61,3,Luxury Investors
C0631,Individual,Dorothy,Flores,1966-12-11,F,USA,California,Home,5,No,Website,C0631,1534891.22,4,60,0,Global Investors
C0632,Individual,Thomas,Nelson,1948-05-16,M,UK,Northern Ireland,Home,4,No,Website,C0632,1146845.98,4,78,3,Luxury Investors
C0633,Individual,Ann,Owens,1941-05-12,F,USA,Nevada,Home,3,No,Agency,C0633,1207516.26,4,85,3,Luxury Investors
C0634,Individual,Justin,Ward,1980-11-17,M,USA,Washington,Investment,4,Yes,Website,C0634,1181693.63,3,46,3,Luxury Investors
C0635,Individual,Kimberly,King,1960-06-14,F,UK,Scotland,Investment,5,No,Website,C0635,1375700.03,3,66,3,Luxury Investors
C0636,Individual,Kathleen,Rogers,1980-11-10,F,France,Brittany,Home,5,No,Website,C0636,981810.0800000001,4,46,1,First-Time Buyers
C0637,Individual,Catherine,Stone,1967-08-14,F,USA,California,Home,2,No,Website,C0637,1602478.07,4,59,0,Global Investors
C0638,Individual,Jason,King,1975-02-04,M,USA,Ohio,Home,5,Yes,Website,C0638,1347045.42,4,51,3,Luxury Investors
C0639,Individual,Mark,Campbell,1961-03-03,M,UK,Scotland,Home,3,Yes,Website,C0639,861670.72,3,65,1,First-Time Buyers
C0640,Individual,Emily,Thompson,1967-03-01,F,USA,Utah,Home,3,No,Agency,C0640,772950.1699999999,3,59,1,First-Time Buyers
C0641,Company,Zynex,Co,1994-02-26,M,USA,Arizona,Home,2,No,Agency,C0641,1217213.26,3,32,3,Luxury Investors
C0642,Individual,Julia,Reyes,1967-11-21,F,USA,California,Home,4,No,Website,C0642,1027140.61,3,59,1,First-Time Buyers
C0643,Individual,Samantha,Richardson,1974-05-05,F,USA,California,Home,5,No,Website,C0643,928645.01,3,52,1,First-Time Buyers
C0644,Individual,Teresa,Johnson,1956-08-25,F,USA,California,Home,4,Yes,Agency,C0644,1549624.23,3,70,0,Global Investors
C0645,Individual,Arthur,Cox,1988-07-18,M,USA,Nevada,Home,2,No,Client,C0645,731453.53,3,38,1,First-Time Buyers
C0646,Individual,Cynthia,Campbell,1995-07-21,F,USA,Arizona,Investment,5,No,Agency,C0646,1325311.83,3,31,3,Luxury Investors
C0647,Individual,Victoria,Green,1946-02-06,F,USA,California,Home,4,No,Agency,C0647,2115520.42,4,80,2,Corporate Buyers
C0648,Individual,Stephanie,Reed,1999-03-02,F,USA,California,Home,1,Yes,Website,C0648,1142985.38,4,27,3,Luxury Investors
C0649,Individual,Patricia,Mitchell,1995-03-01,F,USA,California,Home,4,No,Agency,C0649,1401448.51,4,31,3,Luxury Investors
C0650,Company,Polaris,Co,1976-02-19,M,France,Occitanie,Home,3,Yes,Client,C0650,799742.26,3,50,1,First-Time Buyers
C0651,Company,Horizon,Co,1993-01-14,M,USA,Washington,Home,1,No,Agency,C0651,1077094.73,4,33,1,First-Time Buyers
C0652,Individual,Heather,Johnson,1993-12-08,F,USA,Washington,Home,2,No,Website,C0652,904157.22,3,33,1,First-Time Buyers
C0653,Individual,Gerald,Adams,1970-07-22,M,USA,Ohio,Home,2,No,Client,C0653,1215543.15,4,56,3,Luxury Investors
C0654,Individual,Eric,Griffin,1960-05-07,M,USA,New York,Home,2,Yes,Website,C0654,865293.89,3,66,1,First-Time Buyers
C0655,Individual,Patricia,King,1950-05-19,F,USA,Nevada,Home,1,Yes,Agency,C0655,1071763.22,3,76,1,First-Time Buyers
C0656,Individual,Amber,Allen,1977-02-08,F,USA,Colorado,Home,5,No,Client,C0656,1288383.38,4,49,3,Luxury Investors
C0657,Individual,Alexander,Allen,1956-09-26,M,USA,California,Home,2,No,Agency,C0657,1258111.3199999998,3,70,3,Luxury Investors
C0658,Individual,Kelly,Green,1999-12-13,F,USA,Virginia,Home,3,Yes,Agency,C0658,1122021.28,3,27,3,Luxury Investors
C0659,Individual,Sara,Foster,1988-10-06,F,USA,California,Home,4,Yes,Agency,C0659,1000550.86,4,38,1,First-Time Buyers
C0660,Individual,Charles,Kim,1991-08-10,M,USA,Arizona,Home,4,Yes,Client,C0660,1148308.35,3,35,3,Luxury Investors
C0661,Individual,Deborah,Williams,1961-06-25,F,Canada,Manitoba,Home,3,No,Website,C0661,1627713.0499999998,4,65,0,Global Investors
C0662,Individual,Stephanie,Kim,1957-08-25,F,USA,California,Investment,3,No,Website,C0662,1520239.97,4,69,0,Global Investors
C0663,Individual,Anthony,Flores,1958-02-02,M,USA,California,Home,2,Yes,Agency,C0663,1544313.34,4,68,0,Global Investors
C0664,Individual,Lawrence,Wood,1958-08-17,M,Canada,Alberta,Investment,5,Yes,Website,C0664,1063024.57,4,68,1,First-Time Buyers
C0665,Individual,Robert,Adams,1959-08-27,M,USA,Colorado,Investment,1,No,Agency,C0665,704886.02,3,67,1,First-Time Buyers
C0666,Individual,Maria,Davis,1948-10-09,F,USA,California,Investment,1,No,Website,C0666,1532074.27,4,78,0,Global Investors
C0667,Individual,Anthony,Mitchell,1966-07-07,M,USA,Arizona,Investment,2,No,Agency,C0667,1486560.06,4,60,0,Global Investors
C0668,Individual,Margaret,Peterson,1978-11-15,F,France,Ile-de-France,Investment,4,Yes,Website,C0668,987175.01,4,48,1,First-Time Buyers
C0669,Individual,Cheryl,Bell,1958-03-18,F,Canada,British Columbia,Home,3,No,Agency,C0669,1366533.49,3,68,3,Luxury Investors
C0670,Company,Altira,Co,1976-06-18,M,USA,Nevada,Investment,4,No,Website,C0670,1631973.5499999998,3,50,0,Global Investors
C0671,Individual,Jerry,Pierce,1941-12-09,M,USA,Colorado,Home,4,Yes,Client,C0671,759678.12,3,85,1,First-Time Buyers
C0672,Individual,Amber,Williams,1967-03-10,F,USA,California,Home,2,No,Website,C0672,1301968.05,3,59,3,Luxury Investors
C0673,Individual,Janice,Hayes,1965-10-19,F,USA,California,Home,4,No,Website,C0673,870503.9000000001,3,61,1,First-Time Buyers
C0674,Individual,Judy,Turner,1986-05-26,F,USA,California,Investment,4,No,Website,C0674,1733438.52,4,40,0,Global Investors
C0675,Individual,Andrea,Wright,1969-12-23,F,USA,Texas,Home,5,No,Website,C0675,1117159.17,3,57,3,Luxury Investors
C0676,Individual,Lisa,Davis,1942-06-12,F,USA,Nevada,Home,2,No,Agency,C0676,1022396.03,3,84,1,First-Time Buyers
C0677,Individual,Jerry,Miller,1981-09-02,M,USA,Arizona,Investment,2,No,Agency,C0677,1217015.1099999999,4,45,3,Luxury Investors
C0678,Individual,Joseph,Watson,1972-10-19,M,USA,California,Home,4,Yes,Website,C0678,904050.87,3,54,1,First-Time Buyers
C0679,Individual,Lisa,Patterson,1964-12-02,F,USA,Nevada,Home,1,No,Agency,C0679,1945371.6800000002,4,62,0,Global Investors
C0680,Individual,Andrew,Griffin,1965-04-16,M,USA,Utah,Investment,2,No,Agency,C0680,1533727.71,4,61,0,Global Investors
C0681,Company,Helios,Co,1977-04-25,F,USA,California,Home,3,No,Agency,C0681,736696.97,4,49,1,First-Time Buyers
C0682,Individual,Donald,Bennett,1973-06-12,M,USA,California,Home,5,No,Website,C0682,1436006.22,4,53,3,Luxury Investors
C0683,Individual,Patrick,Jordan,1948-08-20,M,USA,Colorado,Home,2,Yes,Agency,C0683,1216565.53,3,78,3,Luxury Investors
C0684,Individual,Donald,Miller,1985-10-05,M,USA,California,Home,1,No,Agency,C0684,1402625.45,4,41,3,Luxury Investors
C0685,Individual,Sharon,Hansen,1987-04-18,F,USA,Washington,Home,5,No,Agency,C0685,1129835.06,3,39,3,Luxury Investors
C0686,Individual,Michael,Howard,1963-11-17,M,USA,California,Home,1,Yes,Website,C0686,1250166.33,3,63,3,Luxury Investors
C0687,Individual,Susan,Long,1959-01-03,F,USA,Utah,Home,3,Yes,Website,C0687,1532604.0,4,67,0,Global Investors
C0688,Individual,Kathleen,Howard,1968-12-04,F,USA,Colorado,Investment,5,Yes,Website,C0688,1093762.42,4,58,1,First-Time Buyers
C0689,Individual,Ann,Williams,1998-04-17,F,USA,California,Home,4,No,Website,C0689,1051259.37,3,28,1,First-Time Buyers
C0690,Individual,Janet,Stewart,1985-09-09,F,USA,Oregon,Home,4,Yes,Agency,C0690,1402023.24,4,41,3,Luxury Investors
C0691,Individual,Kenneth,Bell,1943-07-22,M,USA,California,Investment,4,No,Agency,C0691,948552.89,4,83,1,First-Time Buyers
C0692,Individual,Adam,Roberts,1964-03-14,M,USA,Georgia,Investment,3,No,Agency,C0692,1206585.87,4,62,3,Luxury Investors
C0693,Individual,Jesse,Chavez,1957-04-28,M,USA,California,Investment,5,Yes,Agency,C0693,1831502.92,4,69,0,Global Investors
C0694,Company,Sterling,Co,1989-07-13,M,UK,Scotland,Investment,2,No,Website,C0694,1287767.07,4,37,3,Luxury Investors
C0695,Individual,Timothy,Rogers,1947-03-24,M,USA,Washington,Home,4,No,Website,C0695,870451.65,3,79,1,First-Time Buyers
C0696,Individual,Carol,Green,1994-03-06,F,USA,Washington,Investment,5,Yes,Agency,C0696,1417025.49,4,32,3,Luxury Investors
C0697,Individual,Bryan,Mitchell,1986-11-01,M,USA,California,Investment,4,Yes,Agency,C0697,1203571.2,4,40,3,Luxury Investors
C0698,Individual,Maria,Scott,1946-07-16,F,USA,California,Home,2,Yes,Website,C0698,1560635.51,4,80,0,Global Investors
C0699,Individual,Stephen,Bennett,1986-12-22,M,USA,Washington,Home,1,Yes,Agency,C0699,1292445.15,3,40,3,Luxury Investors
C0700,Individual,Christine,Sanders,1944-04-14,F,USA,Washington,Home,5,No,Website,C0700,724453.7,3,82,1,First-Time Buyers
C0701,Individual,Danielle,Peterson,1962-09-17,F,UK,England,Investment,1,No,Website,C0701,1318537.76,4,64,3,Luxury Investors
C0702,Individual,Nicholas,Flores,1966-07-24,M,USA,Arizona,Home,5,No,Agency,C0702,1215022.0,3,60,3,Luxury Investors
C0703,Company,Elara,Co,1984-05-15,M,USA,Colorado,Home,3,No,Website,C0703,938073.5700000001,3,42,1,First-Time Buyers
C0704,Individual,Nicole,Jordan,1942-01-23,F,USA,Georgia,Home,4,No,Agency,C0704,1130778.86,3,84,3,Luxury Investors
C0705,Individual,Timothy,Murray,1940-12-18,M,USA,Nevada,Home,3,No,Website,C0705,1643383.67,3,86,0,Global Investors
C0706,Individual,Kyle,Thomas,1984-06-23,M,UK,England,Investment,2,No,Client,C0706,1034954.84,3,42,1,First-Time Buyers
C0707,Individual,Zachary,Richardson,1995-09-23,M,USA,Virginia,Home,5,Yes,Website,C0707,1171255.22,4,31,3,Luxury Investors
C0708,Individual,Brian,Cook,1964-11-28,M,USA,California,Home,2,No,Client,C0708,1539340.8699999999,3,62,0,Global Investors
C0709,Individual,Samantha,Price,1982-11-06,F,USA,Georgia,Home,2,Yes,Agency,C0709,1233960.52,4,44,3,Luxury Investors
C0710,Individual,Kyle,Bryant,1946-08-18,M,USA,Oregon,Home,2,Yes,Agency,C0710,1158001.3599999999,4,80,3,Luxury Investors
C0711,Individual,Victoria,Hughes,1995-10-20,F,USA,California,Investment,3,No,Agency,C0711,1045658.54,4,31,1,First-Time Buyers
C0712,Individual,Joseph,Scott,1991-01-21,M,USA,California,Home,1,No,Agency,C0712,701688.31,3,35,1,First-Time Buyers
C0713,Individual,Debra,Thomas,1997-02-14,F,USA,California,Investment,3,No,Agency,C0713,946537.74,3,29,1,First-Time Buyers
C0714,Individual,Kyle,Murray,1977-01-03,M,Russia,Saint Petersburg,Home,3,No,Website,C0714,1520218.18,3,49,0,Global Investors
C0715,Individual,Janice,Wilson,1982-08-05,F,USA,Utah,Home,3,No,Website,C0715,1151372.75,3,44,3,Luxury Investors
C0716,Individual,Jordan,Davis,1994-10-24,M,UK,Northern Ireland,Home,1,No,Client,C0716,1173245.74,3,32,3,Luxury Investors
C0717,Individual,Virginia,Weaver,1946-06-09,F,USA,Arizona,Investment,3,Yes,Agency,C0717,1000529.6699999999,3,80,1,First-Time Buyers
C0718,Individual,Martha,Scott,1944-10-08,F,France,Ile-de-France,Home,2,Yes,Website,C0718,900157.9099999999,3,82,1,First-Time Buyers
C0719,Individual,Jason,Jordan,1974-07-02,M,USA,California,Investment,2,Yes,Agency,C0719,912916.77,3,52,1,First-Time Buyers
C0720,Individual,Shirley,Wilson,1981-05-17,F,USA,California,Investment,1,Yes,Agency,C0720,844316.69,4,45,1,First-Time Buyers
C0721,Individual,Julia,Jordan,1999-03-07,F,USA,Florida,Home,4,No,Website,C0721,1167212.02,4,27,3,Luxury Investors
C0722,Individual,Carol,Sanders,1943-09-11,F,USA,Texas,Home,1,No,Website,C0722,936104.05,3,83,1,First-Time Buyers
C0723,Individual,Ann,Hansen,1999-04-19,F,Germany,North Rhine-Westphalia,Home,3,Yes,Website,C0723,1554043.79,3,27,0,Global Investors
C0724,Individual,Samuel,Howard,1960-09-27,M,USA,Arizona,Investment,4,Yes,Agency,C0724,1564795.28,4,66,0,Global Investors
C0725,Individual,Katherine,Jones,1983-07-03,F,USA,New York,Home,3,No,Website,C0725,1557779.53,3,43,0,Global Investors
C0726,Individual,Melissa,Harris,1977-01-25,F,USA,Georgia,Home,4,No,Website,C0726,1055406.17,4,49,1,First-Time Buyers
C0727,Individual,Ronald,Bell,1941-08-24,M,USA,California,Investment,3,Yes,Client,C0727,1924218.25,4,85,0,Global Investors
C0728,Individual,Jason,Jones,1971-07-23,M,USA,California,Home,3,Yes,Agency,C0728,896046.43,3,55,1,First-Time Buyers
C0729,Individual,Raymond,Long,1944-01-04,M,USA,Washington,Investment,3,Yes,Agency,C0729,1100578.42,3,82,1,First-Time Buyers
C0730,Individual,Gregory,Baker,1988-05-09,M,USA,California,Investment,4,No,Website,C0730,1395460.54,3,38,3,Luxury Investors
C0731,Individual,Larry,Harris,2000-10-18,M,USA,California,Home,5,No,Agency,C0731,2163873.35,4,26,2,Corporate Buyers
C0732,Individual,Justin,Peterson,1985-03-03,M,USA,Oregon,Home,5,No,Website,C0732,1763602.47,4,41,0,Global Investors
C0733,Individual,Susan,White,1976-01-03,F,USA,Nevada,Home,5,No,Agency,C0733,1610480.1,3,50,0,Global Investors
C0734,Individual,Danielle,Ward,1981-06-27,F,USA,Virginia,Investment,5,Yes,Client,C0734,894573.22,3,45,1,First-Time Buyers
C0735,Individual,Matthew,Long,1994-08-10,M,Germany,Hesse,Investment,4,No,Website,C0735,1082670.51,3,32,1,First-Time Buyers
C0736,Individual,Jordan,Campbell,1942-06-13,M,USA,Utah,Investment,3,No,Agency,C0736,961660.45,3,84,1,First-Time Buyers
C0737,Individual,Harold,Harris,1978-08-15,M,USA,California,Investment,3,No,Agency,C0737,1271295.42,3,48,3,Luxury Investors
C0738,Individual,Jose,White,1980-09-21,M,USA,Texas,Home,5,No,Website,C0738,1217179.49,4,46,3,Luxury Investors
C0739,Individual,Albert,Turner,1965-03-16,M,USA,California,Home,2,No,Agency,C0739,1239915.48,4,61,3,Luxury Investors
C0740,Individual,Julia,Bell,1966-12-08,F,USA,Utah,Investment,1,No,Client,C0740,1150084.72,3,60,3,Luxury Investors
C0741,Individual,Sandra,Stone,1962-08-11,F,USA,California,Home,2,No,Website,C0741,808100.3,3,64,1,First-Time Buyers
C0742,Individual,Bryan,Howard,1980-08-21,M,UK,Wales,Home,1,Yes,Website,C0742,943082.4199999999,3,46,1,First-Time Buyers
C0743,Individual,Joshua,Allen,1972-09-10,M,USA,Oregon,Investment,4,Yes,Website,C0743,973707.31,3,54,1,First-Time Buyers
C0744,Individual,Helen,Morales,1950-11-10,F,USA,Virginia,Home,1,No,Website,C0744,947393.7,3,76,1,First-Time Buyers
C0745,Individual,Emily,Collins,1997-06-18,F,USA,California,Investment,5,No,Website,C0745,1137226.12,4,29,3,Luxury Investors
C0746,Individual,Gary,Reyes,1956-10-13,M,UK,Scotland,Home,4,No,Website,C0746,1485041.45,4,70,0,Global Investors
C0747,Individual,George,Patterson,1992-04-18,M,USA,Florida,Home,4,Yes,Website,C0747,1321142.35,3,34,3,Luxury Investors
C0748,Company,Vantage,Co,1974-03-05,F,USA,California,Home,1,Yes,Client,C0748,1188736.23,3,52,3,Luxury Investors
C0749,Individual,Dorothy,Anderson,1992-11-26,F,USA,New York,Home,5,No,Agency,C0749,1170883.93,3,34,3,Luxury Investors
C0750,Individual,Janice,Price,1976-06-08,F,USA,Nevada,Investment,1,No,Agency,C0750,887696.78,3,50,1,First-Time Buyers
C0751,Individual,Keith,Parker,1974-09-19,M,USA,California,Home,5,No,Client,C0751,1055948.97,4,52,1,First-Time Buyers
C0752,Individual,Lisa,Young,1954-12-17,F,Belgium,Brussels,Investment,3,No,Agency,C0752,836214.24,4,72,1,First-Time Buyers
C0753,Individual,Nicholas,Patterson,1960-12-22,M,Germany,Hamburg,Home,5,No,Website,C0753,1053102.32,4,66,1,First-Time Buyers
C0754,Individual,Teresa,Johnson,1970-08-17,F,USA,Arizona,Investment,3,No,Website,C0754,1300009.56,4,56,3,Luxury Investors
C0755,Company,Celera,Co,1967-12-23,F,USA,California,Home,5,No,Website,C0755,1040997.25,3,59,1,First-Time Buyers
C0756,Individual,Jessica,Patterson,1963-03-19,F,USA,Utah,Home,5,Yes,Website,C0756,785768.09,3,63,1,First-Time Buyers
C0757,Individual,Keith,Taylor,1946-05-09,M,USA,Oregon,Home,3,Yes,Website,C0757,1392690.1199999999,4,80,3,Luxury Investors
C0758,Individual,Joe,Allen,1958-08-12,M,USA,California,Investment,2,No,Website,C0758,1135189.16,4,68,3,Luxury Investors
C0759,Individual,Samuel,Anderson,1991-10-27,M,USA,Florida,Home,4,No,Website,C0759,1327801.32,3,35,3,Luxury Investors
C0760,Individual,Amanda,Adams,1964-12-27,F,USA,California,Investment,3,No,Website,C0760,1288008.21,4,62,3,Luxury Investors
C0761,Individual,Joyce,Patterson,1981-08-24,F,Belgium,Flanders,Home,2,No,Agency,C0761,1387948.07,4,45,3,Luxury Investors
C0762,Individual,Anna,Young,1967-07-01,F,USA,Ohio,Home,4,No,Website,C0762,1456185.33,4,59,3,Luxury Investors
C0763,Company,Summit,Co,1971-07-18,F,USA,Georgia,Home,3,No,Agency,C0763,1036781.97,3,55,1,First-Time Buyers
C0764,Individual,Debra,Parker,1983-02-09,F,UK,Northern Ireland,Investment,4,No,Client,C0764,1670624.74,4,43,0,Global Investors
C0765,Individual,Joe,Green,1967-06-22,M,France,Brittany,Home,3,No,Website,C0765,1516418.29,4,59,0,Global Investors
C0766,Individual,Robert,Bennett,1994-09-04,M,Germany,North Rhine-Westphalia,Home,3,Yes,Client,C0766,1601876.1400000001,4,32,0,Global Investors
C0767,Individual,David,Brown,1961-02-02,M,Canada,British Columbia,Investment,2,No,Agency,C0767,1403932.48,4,65,3,Luxury Investors
C0768,Individual,Matthew,Weaver,1992-07-22,M,Denmark,Southern Denmark,Investment,5,Yes,Website,C0768,1048127.47,3,34,1,First-Time Buyers
C0769,Individual,Nicole,Long,1958-02-21,F,USA,Ohio,Home,4,No,Agency,C0769,675607.7899999999,3,68,1,First-Time Buyers
C0770,Individual,Shirley,Hall,1951-02-09,F,Russia,Krasnodar Krai,Home,4,No,Website,C0770,984598.73,3,75,1,First-Time Buyers
C0771,Company,Quasar,Co,1984-06-09,M,USA,California,Home,1,No,Website,C0771,1856997.08,4,42,0,Global Investors
C0772,Individual,Ethan,White,1991-09-25,M,USA,California,Investment,1,No,Client,C0772,911164.52,3,35,1,First-Time Buyers
C0773,Individual,Christopher,Taylor,1964-12-09,M,Russia,Saint Petersburg,Home,1,No,Website,C0773,1451465.46,4,62,3,Luxury Investors
C0774,Individual,David,Wood,1983-03-23,M,USA,Georgia,Home,5,Yes,Agency,C0774,999792.6799999999,3,43,1,First-Time Buyers
C0775,Individual,Andrea,Reyes,1975-12-25,F,USA,Arizona,Home,1,No,Agency,C0775,1043608.37,4,51,1,First-Time Buyers
C0776,Individual,Ashley,Morales,1966-06-11,F,Germany,Bavaria,Home,4,Yes,Agency,C0776,914465.3300000001,3,60,1,First-Time Buyers
C0777,Company,Meridian,Co,1982-05-15,M,USA,Arizona,Home,1,No,Client,C0777,1130759.4100000001,3,44,3,Luxury Investors
C0778,Individual,George,Pierce,1998-07-22,M,USA,California,Investment,4,Yes,Agency,C0778,1646921.92,4,28,0,Global Investors
C0779,Individual,Lisa,Hughes,1953-04-05,F,USA,California,Home,5,Yes,Agency,C0779,1221957.12,3,73,3,Luxury Investors
C0780,Individual,Martha,Hansen,1947-08-01,F,USA,California,Home,3,No,Website,C0780,708761.6900000001,3,79,1,First-Time Buyers
C0781,Individual,Gerald,Sanders,1940-11-28,M,USA,California,Investment,5,Yes,Website,C0781,1181206.69,4,86,3,Luxury Investors
C0782,Individual,Ethan,Williams,1970-10-02,M,USA,Utah,Investment,2,Yes,Website,C0782,1166638.1600000001,4,56,3,Luxury Investors
C0783,Individual,Betty,Sanders,1961-03-27,F,Canada,Alberta,Home,1,Yes,Agency,C0783,1031472.36,3,65,1,First-Time Buyers
C0784,Individual,Charles,Baker,1973-06-26,M,Mexico,Baja California,Investment,4,No,Website,C0784,1172514.65,3,53,3,Luxury Investors
C0785,Company,Rexon,Co,1971-03-27,F,USA,California,Home,2,No,Website,C0785,1047112.48,4,55,1,First-Time Buyers
C0786,Individual,Sarah,Martin,1983-03-25,F,USA,California,Investment,3,No,Website,C0786,663797.37,3,43,1,First-Time Buyers
C0787,Individual,Andrew,Jackson,1950-11-20,M,USA,Washington,Home,1,No,Website,C0787,1405947.6600000001,3,76,3,Luxury Investors
C0788,Individual,Matthew,Stone,1944-05-14,M,France,Brittany,Investment,4,No,Website,C0788,1799447.01,4,82,0,Global Investors
C0789,Individual,Madison,Price,1974-04-06,F,Canada,Ontario,Investment,1,No,Website,C0789,1125271.6,3,52,3,Luxury Investors
C0790,Individual,Brandon,Cooper,1974-01-18,M,USA,California,Home,5,Yes,Agency,C0790,1521440.8599999999,4,52,0,Global Investors
C0791,Individual,Walter,Adams,1983-01-07,M,USA,Texas,Home,4,No,Website,C0791,1424465.81,4,43,3,Luxury Investors
C0792,Individual,Joseph,Richardson,1982-04-14,M,USA,California,Investment,4,Yes,Website,C0792,1559979.82,4,44,0,Global Investors
C0793,Individual,Kevin,Brown,1969-09-04,M,USA,New York,Home,4,No,Agency,C0793,1245234.35,4,57,3,Luxury Investors
C0794,Individual,Gregory,Mitchell,1951-02-11,M,USA,California,Home,4,Yes,Website,C0794,1120488.77,3,75,3,Luxury Investors
C0795,Individual,Harold,Murray,1969-01-14,M,USA,California,Investment,4,Yes,Website,C0795,1170869.0899999999,3,57,3,Luxury Investors
C0796,Individual,Stephanie,Ward,1983-04-11,F,USA,California,Investment,5,Yes,Website,C0796,559596.54,3,43,1,First-Time Buyers
C0797,Individual,Joan,Gray,1990-06-08,F,USA,Oregon,Home,5,Yes,Agency,C0797,881179.3,3,36,1,First-Time Buyers
C0798,Company,Novex,Co,1965-10-21,M,USA,Nevada,Home,4,Yes,Agency,C0798,987267.48,4,61,1,First-Time Buyers
C0799,Individual,Pamela,Johnson,1954-07-24,F,USA,California,Home,4,No,Website,C0799,1108935.8599999999,4,72,3,Luxury Investors
C0800,Individual,Lawrence,Smith,1974-01-02,M,USA,Virginia,Investment,5,Yes,Website,C0800,983573.1799999999,3,52,1,First-Time Buyers
C0801,Individual,Betty,Price,1969-04-03,F,USA,Washington,Home,4,Yes,Website,C0801,1361712.2999999998,3,57,3,Luxury Investors
C0802,Individual,Matthew,Williams,1970-11-10,M,USA,Virginia,Home,5,No,Agency,C0802,1074480.81,3,56,1,First-Time Buyers
C0803,Individual,Evelyn,Moore,1945-12-13,F,USA,Texas,Home,4,No,Agency,C0803,1542819.53,4,81,0,Global Investors
C0804,Individual,Tyler,Cook,1967-01-10,M,USA,Washington,Home,5,No,Agency,C0804,1223755.92,3,59,3,Luxury Investors
C0805,Individual,Albert,Cook,1953-01-17,M,Germany,Berlin,Home,1,Yes,Website,C0805,940964.73,3,73,1,First-Time Buyers
C0806,Individual,Jack,Richardson,1989-11-18,M,France,Ile-de-France,Home,5,No,Client,C0806,1485168.27,4,37,0,Global Investors
C0807,Individual,Amy,Chavez,1993-11-16,F,Mexico,Mexico City,Investment,5,No,Website,C0807,1635419.92,4,33,0,Global Investors
C0808,Individual,Gregory,Ward,1943-05-17,M,Germany,Berlin,Home,3,Yes,Website,C0808,885158.15,3,83,1,First-Time Buyers
C0809,Individual,Hannah,Alexander,1967-02-16,F,France,Occitanie,Home,5,Yes,Agency,C0809,1386118.19,3,59,3,Luxury Investors
C0810,Individual,Ronald,Sanders,1995-02-13,M,USA,California,Home,1,Yes,Website,C0810,922597.5800000001,3,31,1,First-Time Buyers
C0811,Individual,Carl,Allen,1945-04-17,M,UK,Wales,Home,3,No,Agency,C0811,1515201.05,3,81,0,Global Investors
C0812,Individual,Harold,Cooper,1974-08-24,M,UK,Northern Ireland,Home,3,Yes,Website,C0812,1443224.01,4,52,3,Luxury Investors
C0813,Individual,Gerald,Cook,1974-10-11,M,UK,Scotland,Investment,3,No,Agency,C0813,1314024.52,4,52,3,Luxury Investors
C0814,Individual,Joan,Stewart,1964-03-26,F,USA,California,Home,2,No,Website,C0814,674363.74,3,62,1,First-Time Buyers
C0815,Company,Horizon,Co,1965-11-06,F,USA,Nevada,Home,4,Yes,Agency,C0815,962374.6499999999,3,61,1,First-Time Buyers
C0816,Individual,Deborah,Wright,1947-12-23,F,Germany,Hamburg,Home,2,Yes,Website,C0816,1003090.8500000001,3,79,1,First-Time Buyers
C0817,Individual,Grace,Thompson,1972-05-12,F,USA,California,Investment,1,No,Website,C0817,1338281.0,3,54,3,Luxury Investors
C0818,Company,Sterling,Co,1991-09-08,F,USA,Colorado,Home,2,No,Website,C0818,760443.3500000001,4,35,1,First-Time Buyers
C0819,Individual,Jose,Bryant,1951-03-15,M,USA,California,Home,5,No,Website,C0819,1239378.27,3,75,3,Luxury Investors
C0820,Individual,Judith,Collins,1940-10-22,F,USA,Texas,Investment,4,No,Agency,C0820,920197.78,3,86,1,First-Time Buyers
C0821,Individual,Elizabeth,Moore,1957-09-04,F,USA,California,Home,5,Yes,Agency,C0821,1371213.26,3,69,3,Luxury Investors
C0822,Individual,Jessica,Weaver,1959-04-19,F,USA,California,Investment,3,Yes,Website,C0822,1407630.29,3,67,3,Luxury Investors
C0823,Individual,Nancy,Hayes,1975-04-16,F,USA,Oregon,Investment,5,Yes,Agency,C0823,1722388.8900000001,4,51,0,Global Investors
C0824,Individual,Douglas,Cox,1976-06-01,M,USA,California,Home,3,No,Agency,C0824,1234378.85,3,50,3,Luxury Investors
C0825,Individual,Ruth,Hughes,1982-03-26,F,Mexico,Nuevo Leon,Home,4,Yes,Agency,C0825,1246198.0,4,44,3,Luxury Investors
C0826,Individual,Jason,Stewart,1970-09-11,M,USA,Ohio,Investment,4,Yes,Website,C0826,1255265.82,4,56,3,Luxury Investors
C0827,Individual,Ruth,Wright,1965-08-23,F,USA,Washington,Home,2,Yes,Website,C0827,1176467.77,4,61,3,Luxury Investors
C0828,Individual,Elizabeth,Stewart,1947-10-10,F,USA,Arizona,Investment,4,Yes,Website,C0828,1313574.2,4,79,3,Luxury Investors
C0829,Individual,Jonathan,Stewart,1960-11-16,M,USA,Utah,Investment,3,No,Website,C0829,1296844.19,4,66,3,Luxury Investors
C0830,Individual,William,Martin,1952-05-16,M,USA,Oregon,Investment,3,No,Agency,C0830,1518798.69,4,74,0,Global Investors
C0831,Individual,Judith,Martin,1977-09-24,F,USA,California,Home,2,No,Website,C0831,909532.47,3,49,1,First-Time Buyers
C0832,Individual,Dorothy,Ward,1990-01-09,F,USA,Nevada,Investment,3,Yes,Website,C0832,1290741.99,3,36,3,Luxury Investors
C0833,Individual,Roger,Green,1951-11-06,M,Denmark,Southern Denmark,Home,5,No,Website,C0833,1422486.6099999999,3,75,3,Luxury Investors
C0834,Individual,Helen,Parker,1957-12-23,F,USA,California,Home,5,No,Website,C0834,1384660.54,4,69,3,Luxury Investors
C0835,Individual,Maria,Foster,1974-06-06,F,USA,California,Home,5,Yes,Website,C0835,1159317.69,4,52,3,Luxury Investors
C0836,Individual,Adam,Sanders,1942-02-04,M,USA,Ohio,Home,4,No,Website,C0836,1280715.29,3,84,3,Luxury Investors
C0837,Individual,Peter,Montgomery,1967-06-06,M,France,Brittany,Home,1,No,Website,C0837,1415445.71,4,59,3,Luxury Investors
C0838,Individual,Jacob,Morris,1992-04-05,M,USA,Nevada,Investment,1,Yes,Website,C0838,837604.3,3,34,1,First-Time Buyers
C0839,Individual,Elizabeth,Baker,1994-01-26,F,UK,England,Home,5,Yes,Agency,C0839,1123967.69,3,32,3,Luxury Investors
C0840,Individual,Elizabeth,Wilson,1981-11-01,F,Belgium,Brussels,Home,1,No,Website,C0840,1508352.25,4,45,0,Global Investors
C0841,Individual,Timothy,Cooper,1999-02-05,M,Belgium,Wallonia,Home,5,No,Website,C0841,1344816.1,4,27,3,Luxury Investors
C0842,Individual,Keith,Morales,1996-02-27,M,USA,Washington,Home,5,Yes,Client,C0842,1082477.8199999998,4,30,1,First-Time Buyers
C0843,Individual,Amanda,Hansen,2000-12-04,F,USA,Georgia,Home,4,No,Agency,C0843,1377127.37,3,26,3,Luxury Investors
C0844,Individual,Margaret,Scott,1947-06-13,F,USA,California,Home,2,No,Website,C0844,1363201.96,4,79,3,Luxury Investors
C0845,Individual,Ashley,Long,1993-09-05,F,USA,Washington,Home,3,No,Client,C0845,1355270.16,3,33,3,Luxury Investors
C0846,Individual,Martha,Harris,1976-05-15,F,Canada,Quebec,Investment,3,No,Agency,C0846,1069033.77,3,50,1,First-Time Buyers
C0847,Individual,Nicole,James,1988-02-27,F,USA,Utah,Home,2,Yes,Agency,C0847,1258765.46,4,38,3,Luxury Investors
C0848,Individual,Aaron,Hughes,1967-11-22,M,USA,California,Home,4,No,Agency,C0848,1366788.33,4,59,3,Luxury Investors
C0849,Individual,Brian,Wilson,1977-04-11,M,USA,Oregon,Home,1,Yes,Website,C0849,1262931.66,4,49,3,Luxury Investors
C0850,Individual,Judy,Stone,1983-11-13,F,USA,Colorado,Investment,5,No,Agency,C0850,528432.48,3,43,1,First-Time Buyers
C0851,Individual,Kyle,White,1993-05-16,M,USA,California,Investment,2,Yes,Website,C0851,1482957.8800000001,4,33,0,Global Investors
C0852,Individual,Carl,Brown,1989-07-20,M,Germany,North Rhine-Westphalia,Home,2,No,Agency,C0852,1368458.37,4,37,3,Luxury Investors
C0853,Individual,Gerald,Bryant,1950-08-07,M,USA,Utah,Home,4,No,Website,C0853,1293562.22,4,76,3,Luxury Investors
C0854,Individual,David,Reyes,1944-02-13,M,USA,California,Home,4,No,Website,C0854,1419031.6099999999,3,82,3,Luxury Investors
C0855,Individual,Amanda,Foster,1973-03-10,F,Australia,Queensland,Home,4,No,Website,C0855,1198702.15,4,53,3,Luxury Investors
C0856,Individual,Janice,Chavez,1964-08-16,F,USA,Florida,Home,5,Yes,Website,C0856,1565508.99,4,62,0,Global Investors
C0857,Individual,Danielle,Ward,1951-05-11,F,USA,California,Investment,1,Yes,Website,C0857,1431064.56,4,75,3,Luxury Investors
C0858,Individual,Samuel,Howard,1994-07-12,M,USA,Nevada,Home,1,No,Website,C0858,972150.6,3,32,1,First-Time Buyers
C0859,Individual,Megan,Anderson,1942-12-03,F,USA,California,Home,2,Yes,Agency,C0859,1440623.8900000001,4,84,3,Luxury Investors
C0860,Individual,Virginia,Morales,1968-07-09,F,USA,Utah,Home,5,Yes,Website,C0860,1362579.84,4,58,3,Luxury Investors
C0861,Individual,Christine,Peterson,1994-08-04,F,France,Brittany,Investment,2,No,Agency,C0861,1527460.57,3,32,0,Global Investors
C0862,Individual,Amanda,Jordan,1981-06-14,F,USA,Colorado,Investment,1,No,Website,C0862,1354421.9100000001,3,45,3,Luxury Investors
C0863,Individual,Brandon,Peterson,1975-04-20,M,Belgium,Wallonia,Home,5,Yes,Agency,C0863,1107744.96,4,51,3,Luxury Investors
C0864,Individual,Noah,Kim,1970-07-07,M,USA,Texas,Home,3,No,Website,C0864,1085548.02,3,56,1,First-Time Buyers
C0865,Individual,Rebecca,Gray,1975-05-20,F,USA,Colorado,Investment,5,Yes,Website,C0865,1268059.13,4,51,3,Luxury Investors
C0866,Individual,Lawrence,Bryant,1987-11-27,M,Belgium,Brussels,Home,3,No,Agency,C0866,1331713.08,4,39,3,Luxury Investors
C0867,Individual,Julia,Davis,1967-04-12,F,USA,California,Home,2,No,Agency,C0867,1028747.3,3,59,1,First-Time Buyers
C0868,Individual,Victoria,Rogers,1945-02-21,F,USA,Florida,Home,3,Yes,Agency,C0868,987211.1699999999,3,81,1,First-Time Buyers
C0869,Individual,Jose,Roberts,1993-03-07,M,USA,California,Home,4,No,Agency,C0869,858807.13,3,33,1,First-Time Buyers
C0870,Company,Harmon,Co,1966-09-01,F,UK,Northern Ireland,Home,2,Yes,Website,C0870,1097902.26,4,60,1,First-Time Buyers
C0871,Individual,Pamela,Pierce,1989-11-28,F,USA,Virginia,Home,1,Yes,Website,C0871,1939848.53,4,37,0,Global Investors
C0872,Individual,Sarah,Bennett,1943-06-22,F,UK,England,Home,4,No,Website,C0872,1462320.39,4,83,0,Global Investors
C0873,Individual,Gerald,Murray,1940-09-09,M,USA,New York,Home,2,No,Website,C0873,1325777.78,3,86,3,Luxury Investors
C0874,Individual,Debra,Murray,1953-07-26,F,Belgium,Flanders,Investment,2,No,Website,C0874,1490289.1099999999,4,73,0,Global Investors
C0875,Individual,Jeffrey,Evans,1972-07-09,M,Canada,Manitoba,Home,4,No,Website,C0875,1308981.48,3,54,3,Luxury Investors
C0876,Individual,Benjamin,Chavez,1973-08-22,M,USA,California,Home,3,No,Client,C0876,873771.52,3,53,1,First-Time Buyers
C0877,Individual,Jennifer,Weaver,1998-12-22,F,USA,Utah,Investment,2,Yes,Agency,C0877,1407650.4,3,28,3,Luxury Investors
C0878,Individual,Ashley,Hansen,1945-04-28,F,USA,Nevada,Home,4,Yes,Website,C0878,970670.1499999999,3,81,1,First-Time Buyers
C0879,Individual,Brandon,Adams,1945-03-15,M,UK,Northern Ireland,Home,4,Yes,Website,C0879,1349121.32,3,81,3,Luxury Investors
C0880,Individual,Judith,Bennett,1941-06-23,F,USA,New York,Home,2,No,Website,C0880,1390002.6400000001,4,85,3,Luxury Investors
C0881,Individual,Ruth,Weaver,1954-09-24,F,USA,Colorado,Investment,1,No,Website,C0881,1247321.2,4,72,3,Luxury Investors
C0882,Individual,Peter,Moore,2000-07-07,M,UK,Wales,Home,3,No,Website,C0882,1142828.1400000001,3,26,3,Luxury Investors
C0883,Individual,Gerald,Thompson,1946-10-22,M,USA,Texas,Home,4,No,Client,C0883,1979258.27,4,80,0,Global Investors
C0884,Individual,Joe,Reed,1949-05-07,M,USA,Nevada,Home,2,No,Website,C0884,1021697.5,3,77,1,First-Time Buyers
C0885,Individual,Michael,Williams,1941-09-21,M,Canada,British Columbia,Investment,2,Yes,Agency,C0885,1540844.02,3,85,0,Global Investors
C0886,Individual,Joseph,Brooks,1961-07-20,M,USA,California,Home,3,Yes,Agency,C0886,807556.47,3,65,1,First-Time Buyers
C0887,Individual,Joan,Bryant,1993-04-23,F,USA,California,Home,3,No,Agency,C0887,1247287.09,4,33,3,Luxury Investors
C0888,Individual,Sharon,Montgomery,1987-05-24,F,Germany,Berlin,Home,4,Yes,Website,C0888,1104713.19,4,39,3,Luxury Investors
C0889,Individual,Scott,Campbell,1985-10-15,M,USA,Nevada,Investment,4,Yes,Website,C0889,1339350.5899999999,3,41,3,Luxury Investors
C0890,Individual,Julie,Nelson,1955-07-23,F,USA,Virginia,Investment,3,Yes,Website,C0890,1138394.29,4,71,3,Luxury Investors
C0891,Individual,Raymond,Roberts,1970-06-20,M,Germany,North Rhine-Westphalia,Investment,1,Yes,Website,C0891,1340373.08,4,56,3,Luxury Investors
C0892,Individual,Helen,Watson,1958-06-05,F,USA,California,Investment,2,Yes,Website,C0892,984121.3999999999,3,68,1,First-Time Buyers
C0893,Individual,Evelyn,Thompson,1995-06-23,F,USA,Colorado,Home,3,Yes,Website,C0893,1695839.47,4,31,0,Global Investors
C0894,Individual,Carl,Evans,1953-06-14,M,USA,Georgia,Home,5,No,Website,C0894,882067.47,3,73,1,First-Time Buyers
C0895,Individual,Amanda,Rogers,1953-08-25,F,USA,Arizona,Investment,4,Yes,Website,C0895,1127680.6,3,73,3,Luxury Investors
C0896,Individual,Timothy,Jones,1970-05-06,M,France,Brittany,Home,4,Yes,Agency,C0896,1157933.44,4,56,3,Luxury Investors
C0897,Individual,Ann,Foster,1971-08-04,F,Australia,Victoria,Home,1,No,Website,C0897,745691.65,3,55,1,First-Time Buyers
C0898,Individual,Deborah,King,1953-09-27,F,USA,Arizona,Investment,5,Yes,Agency,C0898,836494.02,4,73,1,First-Time Buyers
C0899,Company,Apex,Co,1988-06-26,F,USA,Washington,Investment,2,No,Website,C0899,1050407.63,3,38,1,First-Time Buyers
C0900,Individual,Betty,Cook,1999-05-22,F,Germany,North Rhine-Westphalia,Home,4,No,Agency,C0900,606058.22,3,27,1,First-Time Buyers
C0901,Individual,Gregory,Allen,1999-02-15,M,France,Brittany,Investment,4,No,Agency,C0901,909138.8400000001,3,27,1,First-Time Buyers
C0902,Company,Peerex,Co,1964-02-11,F,UK,Northern Ireland,Home,3,Yes,Agency,C0902,1281064.76,4,62,3,Luxury Investors
C0903,Individual,Christine,Morales,1992-04-28,F,USA,Texas,Investment,3,No,Website,C0903,1108147.6099999999,3,34,3,Luxury Investors
C0904,Individual,Nancy,Brooks,1984-03-08,F,Russia,Saint Petersburg,Home,1,Yes,Website,C0904,1050355.29,4,42,1,First-Time Buyers
C0905,Individual,Emma,Allen,1993-05-16,F,USA,Virginia,Home,5,Yes,Website,C0905,877477.72,3,33,1,First-Time Buyers
C0906,Individual,Jacqueline,Baker,1969-08-13,F,USA,California,Investment,5,No,Website,C0906,1757967.56,4,57,0,Global Investors
C0907,Individual,Danielle,Scott,1973-11-14,F,USA,California,Home,3,No,Agency,C0907,1375380.46,3,53,3,Luxury Investors
C0908,Individual,Carl,Kim,1960-11-17,M,USA,California,Home,4,Yes,Agency,C0908,1129941.35,4,66,3,Luxury Investors
C0909,Individual,Brandon,Turner,1967-07-10,M,USA,California,Investment,1,Yes,Agency,C0909,1529455.73,4,59,0,Global Investors
C0910,Individual,Victoria,Jackson,1971-11-24,F,USA,Texas,Home,3,Yes,Agency,C0910,1293598.48,3,55,3,Luxury Investors
C0911,Individual,Donald,Long,1989-03-27,M,USA,California,Home,4,No,Website,C0911,1310405.32,4,37,3,Luxury Investors
C0912,Individual,Christina,Freeman,1949-05-11,F,USA,California,Home,1,No,Agency,C0912,1322130.05,3,77,3,Luxury Investors
C0913,Individual,Nathan,Hansen,1999-01-13,M,USA,California,Home,4,No,Agency,C0913,1935637.92,4,27,0,Global Investors
C0914,Individual,Helen,Freeman,1948-10-12,F,France,Provence,Investment,4,No,Website,C0914,1124290.78,4,78,3,Luxury Investors
C0915,Individual,Ronald,Harris,1948-01-23,M,USA,Florida,Home,2,No,Agency,C0915,1309768.71,3,78,3,Luxury Investors
C0916,Individual,Nathan,Hansen,1988-02-10,M,Russia,Moscow Oblast,Home,2,No,Website,C0916,1377591.46,4,38,3,Luxury Investors
C0917,Individual,Kenneth,Hughes,1969-08-01,M,USA,Arizona,Home,2,Yes,Agency,C0917,756785.49,3,57,1,First-Time Buyers
C0918,Individual,Susan,Cook,2000-02-21,F,Australia,Western Australia,Home,4,No,Client,C0918,1461361.8699999999,3,26,0,Global Investors
C0919,Individual,Barbara,Foster,1975-08-17,F,Canada,Quebec,Investment,5,No,Agency,C0919,1059524.55,3,51,1,First-Time Buyers
C0920,Individual,Christian,Williams,1973-10-11,M,USA,California,Home,4,No,Website,C0920,878368.79,3,53,1,First-Time Buyers
C0921,Individual,Christina,Reyes,1999-03-10,F,Australia,New South Wales,Home,4,No,Agency,C0921,802736.76,3,27,1,First-Time Buyers
C0922,Individual,Joe,Bell,1942-10-28,M,Australia,Victoria,Investment,4,Yes,Website,C0922,1105753.98,3,84,3,Luxury Investors
C0923,Individual,Ruth,Richardson,1950-08-26,F,USA,Oregon,Home,3,No,Client,C0923,1183422.85,4,76,3,Luxury Investors
C0924,Individual,Emily,Wright,1988-03-20,F,USA,California,Home,4,No,Website,C0924,1558670.83,4,38,0,Global Investors
C0925,Individual,Michael,Ward,1944-05-12,M,Germany,Hamburg,Home,2,No,Website,C0925,1308035.02,3,82,3,Luxury Investors
C0926,Individual,Lauren,Harris,1961-04-04,F,USA,California,Home,3,No,Website,C0926,1078841.73,3,65,1,First-Time Buyers
C0927,Individual,Carol,Hayes,1962-11-04,F,France,Ile-de-France,Home,4,No,Client,C0927,933499.38,3,64,1,First-Time Buyers
C0928,Individual,Jordan,Jordan,1950-02-27,M,USA,California,Home,1,Yes,Agency,C0928,758070.13,3,76,1,First-Time Buyers
C0929,Individual,Jack,Hall,1954-05-23,M,USA,Washington,Home,4,No,Website,C0929,1167841.72,3,72,3,Luxury Investors
C0930,Individual,Debra,Moore,1993-04-15,F,USA,Washington,Investment,1,Yes,Agency,C0930,924305.53,3,33,1,First-Time Buyers
C0931,Individual,Daniel,Parker,1977-12-25,M,USA,Nevada,Investment,2,Yes,Client,C0931,997418.61,3,49,1,First-Time Buyers
C0932,Individual,Kathleen,Moore,1949-07-14,F,USA,New York,Home,5,No,Website,C0932,1468310.6600000001,4,77,0,Global Investors
C0933,Individual,Kimberly,Johnson,1955-09-03,F,USA,California,Home,4,No,Website,C0933,1077170.94,3,71,1,First-Time Buyers
C0934,Individual,Barbara,Allen,1943-10-02,F,UK,Northern Ireland,Investment,5,Yes,Website,C0934,912489.5900000001,3,83,1,First-Time Buyers
C0935,Individual,Katherine,Cooper,2000-05-17,F,Canada,Manitoba,Home,4,No,Agency,C0935,1133032.49,3,26,3,Luxury Investors
C0936,Individual,Carolyn,Brooks,1951-04-10,F,USA,California,Home,3,No,Client,C0936,782945.97,3,75,1,First-Time Buyers
C0937,Individual,Gerald,Chavez,1982-04-03,M,USA,Arizona,Home,5,No,Client,C0937,1370340.9100000001,4,44,3,Luxury Investors
C0938,Individual,William,Chavez,1963-05-08,M,Russia,Krasnodar Krai,Home,4,No,Website,C0938,854217.7,3,63,1,First-Time Buyers
C0939,Individual,Anna,Alexander,1978-02-02,F,Belgium,Brussels,Investment,1,No,Website,C0939,1190833.68,4,48,3,Luxury Investors
C0940,Individual,Kyle,Bell,1985-12-19,M,USA,Virginia,Investment,5,No,Website,C0940,1628937.85,4,41,0,Global Investors
C0941,Individual,Grace,Moore,1955-07-17,F,Mexico,Jalisco,Home,1,No,Agency,C0941,1028314.09,3,71,1,First-Time Buyers
C0942,Individual,Joan,Jackson,1991-12-14,F,USA,California,Home,1,No,Website,C0942,1402631.76,4,35,3,Luxury Investors
C0943,Individual,Karen,Cox,1957-09-13,F,Canada,Manitoba,Investment,5,No,Website,C0943,975048.28,3,69,1,First-Time Buyers
C0944,Individual,Virginia,Hughes,1956-08-24,F,USA,Florida,Home,2,No,Website,C0944,1256722.03,3,70,3,Luxury Investors
C0945,Individual,Emily,Hayes,1945-09-04,F,France,Provence,Home,4,No,Website,C0945,973406.55,3,81,1,First-Time Buyers
C0946,Individual,Ashley,Weaver,1946-07-04,F,USA,Nevada,Investment,3,Yes,Agency,C0946,827605.63,3,80,1,First-Time Buyers
C0947,Individual,Samantha,Cox,1981-05-16,F,USA,Texas,Home,2,No,Website,C0947,1096583.29,3,45,1,First-Time Buyers
C0948,Individual,Emma,Nelson,1989-12-16,F,USA,California,Investment,3,Yes,Website,C0948,1532000.51,4,37,0,Global Investors
C0949,Individual,Julia,Price,1943-06-26,F,USA,Colorado,Investment,5,Yes,Client,C0949,1397057.95,4,83,3,Luxury Investors
C0950,Individual,Christina,Price,1991-12-11,F,USA,Texas,Investment,5,No,Website,C0950,1418212.48,4,35,3,Luxury Investors
C0951,Individual,Rachel,Chavez,1998-11-15,F,Mexico,Nuevo Leon,Home,1,Yes,Client,C0951,1658301.92,4,28,0,Global Investors
C0952,Individual,Ann,Martin,1959-09-03,F,USA,Oregon,Home,5,No,Website,C0952,1886501.9300000002,4,67,0,Global Investors
C0953,Company,Helios,Co,1995-10-22,M,USA,Washington,Home,5,Yes,Website,C0953,639815.0,3,31,1,First-Time Buyers
C0954,Individual,Michael,Evans,1950-04-08,M,France,Brittany,Investment,4,Yes,Agency,C0954,1493788.0,4,76,0,Global Investors
C0955,Individual,Megan,Garcia,1969-01-11,F,USA,California,Home,1,No,Website,C0955,1098111.78,3,57,1,First-Time Buyers
C0956,Individual,Donald,Jackson,1966-03-10,M,USA,California,Home,1,Yes,Website,C0956,1647197.45,4,60,0,Global Investors
C0957,Company,Crestwood,Co,1961-05-21,M,USA,Oregon,Home,2,Yes,Client,C0957,1295242.02,4,65,3,Luxury Investors
C0958,Individual,Betty,Rogers,1991-07-11,F,USA,Nevada,Home,1,Yes,Website,C0958,936091.4500000001,4,35,1,First-Time Buyers
C0959,Individual,Carl,Hayes,1952-09-13,M,USA,California,Home,3,No,Agency,C0959,1840159.66,4,74,0,Global Investors
C0960,Individual,Linda,Bennett,1960-04-01,F,USA,Arizona,Investment,1,Yes,Client,C0960,1380084.58,4,66,3,Luxury Investors
C0961,Individual,Brandon,Morales,1974-08-03,M,UK,Wales,Home,2,Yes,Website,C0961,1681311.67,4,52,0,Global Investors
C0962,Individual,Nicholas,Hansen,1940-07-18,M,USA,California,Home,4,No,Website,C0962,1335726.82,4,86,3,Luxury Investors
C0963,Individual,James,Davis,1941-08-09,M,Canada,Alberta,Home,4,No,Agency,C0963,598874.99,3,85,1,First-Time Buyers
C0964,Individual,Elizabeth,Hall,1953-09-19,F,USA,California,Home,4,No,Website,C0964,1015121.6900000001,3,73,1,First-Time Buyers
C0965,Individual,Lauren,Adams,1961-09-26,F,USA,New York,Investment,3,No,Website,C0965,840199.6100000001,3,65,1,First-Time Buyers
C0966,Company,Corvus,Co,1995-10-11,M,USA,California,Investment,3,No,Website,C0966,1606785.0499999998,4,31,0,Global Investors
C0967,Individual,Jennifer,Moore,1959-01-20,F,USA,California,Home,2,No,Agency,C0967,705599.66,3,67,1,First-Time Buyers
C0968,Individual,Julie,Hansen,1995-11-21,F,USA,Arizona,Home,4,No,Website,C0968,1089074.71,3,31,1,First-Time Buyers
C0969,Individual,Amber,Ward,1976-03-27,F,Russia,Tatarstan,Investment,1,Yes,Agency,C0969,1118760.19,3,50,3,Luxury Investors
C0970,Individual,Peter,Johnson,1986-12-01,M,Denmark,North Denmark,Home,3,Yes,Website,C0970,1596404.25,4,40,0,Global Investors
C0971,Individual,Cynthia,Mitchell,1969-06-02,F,USA,Colorado,Investment,5,Yes,Website,C0971,1278450.05,4,57,3,Luxury Investors
C0972,Individual,Sandra,Evans,1964-09-16,F,USA,Arizona,Home,5,No,Agency,C0972,1298009.03,4,62,3,Luxury Investors
C0973,Individual,Charles,Stone,1992-12-03,M,USA,California,Investment,2,No,Client,C0973,1595817.1600000001,4,34,0,Global Investors
C0974,Individual,Michael,Hansen,1961-05-22,M,USA,New York,Home,1,No,Agency,C0974,1210990.11,4,65,3,Luxury Investors
C0975,Individual,Gregory,Reyes,1946-07-09,M,USA,Utah,Home,4,No,Website,C0975,941310.61,3,80,1,First-Time Buyers
C0976,Individual,Ryan,Miller,1983-07-18,M,USA,California,Home,4,Yes,Website,C0976,1206149.98,4,43,3,Luxury Investors
C0977,Individual,Ryan,James,1996-04-07,M,USA,California,Home,1,No,Agency,C0977,944672.95,3,30,1,First-Time Buyers
C0978,Individual,Lauren,Brown,1963-11-11,F,USA,California,Home,4,Yes,Website,C0978,1449360.9100000001,3,63,3,Luxury Investors
C0979,Individual,Madison,Roberts,1940-02-25,F,Canada,Quebec,Investment,4,No,Website,C0979,864661.4500000001,3,86,1,First-Time Buyers
C0980,Individual,Daniel,Davis,1942-01-13,M,USA,New York,Investment,1,Yes,Website,C0980,1156326.6400000001,3,84,3,Luxury Investors
C0981,Individual,Jessica,Stewart,1961-11-14,F,USA,California,Investment,1,No,Website,C0981,2048324.19,4,65,0,Global Investors
C0982,Individual,Joyce,Jackson,1961-07-08,F,Canada,Manitoba,Investment,5,Yes,Agency,C0982,1443503.73,3,65,3,Luxury Investors
C0983,Individual,Brittany,Freeman,1994-06-21,F,Germany,North Rhine-Westphalia,Home,4,No,Website,C0983,803219.7,3,32,1,First-Time Buyers
C0984,Individual,Mark,Johnson,1962-12-03,M,Canada,British Columbia,Home,5,Yes,Agency,C0984,1206529.21,3,64,3,Luxury Investors
C0985,Individual,Ruth,Griffin,1954-10-15,F,USA,California,Home,1,Yes,Website,C0985,886990.72,3,72,1,First-Time Buyers
C0986,Individual,Jacqueline,Ward,1981-10-18,F,Russia,Saint Petersburg,Home,2,No,Website,C0986,1445226.07,3,45,3,Luxury Investors
C0987,Individual,Maria,Johnson,1967-10-22,F,Germany,North Rhine-Westphalia,Home,1,Yes,Agency,C0987,1086018.36,4,59,1,First-Time Buyers
C0988,Individual,Douglas,Cooper,1988-04-21,M,USA,Texas,Home,3,Yes,Agency,C0988,695033.8,3,38,1,First-Time Buyers
C0989,Individual,Amber,Cook,1946-10-19,F,USA,Oregon,Home,4,No,Website,C0989,1129907.31,4,80,3,Luxury Investors
C0990,Individual,Carl,Carter,1942-01-21,M,USA,Utah,Home,4,No,Website,C0990,1588383.3599999999,4,84,0,Global Investors
C0991,Individual,Heather,Adams,1975-03-27,F,USA,Nevada,Home,1,No,Website,C0991,1223116.15,3,51,3,Luxury Investors
C0992,Individual,Scott,Hughes,1988-11-19,M,Denmark,Capital Region,Home,1,Yes,Website,C0992,1478482.61,4,38,0,Global Investors
C0993,Individual,Ryan,Campbell,1954-03-11,M,USA,California,Home,2,Yes,Website,C0993,530494.44,3,72,1,First-Time Buyers
C0994,Individual,Michael,Moore,1976-11-26,M,USA,California,Home,3,No,Website,C0994,1379902.8699999999,4,50,3,Luxury Investors
C0995,Individual,Amanda,Kim,1949-10-14,F,Australia,New South Wales,Home,1,Yes,Website,C0995,1004120.77,3,77,1,First-Time Buyers
C0996,Individual,Terry,Howard,1956-06-11,M,Canada,Manitoba,Home,2,Yes,Client,C0996,888968.0,3,70,1,First-Time Buyers
C0997,Individual,Terry,Collins,1950-03-11,M,USA,California,Investment,3,Yes,Agency,C0997,1607877.07,3,76,0,Global Investors
C0998,Company,Grandis,Co,1969-05-06,F,USA,Virginia,Home,4,No,Agency,C0998,1230552.15,4,57,3,Luxury Investors
C0999,Individual,Jacqueline,Cox,1969-09-15,F,USA,California,Investment,3,No,Agency,C0999,661984.35,3,57,1,First-Time Buyers
C1000,Individual,Judith,Parker,1963-07-21,F,USA,Utah,Home,2,Yes,Website,C1000,1629372.23,4,63,0,Global Investors
C1001,Individual,Aaron,Nelson,1981-07-13,M,USA,California,Home,3,No,Website,C1001,1650296.94,4,45,0,Global Investors
C1002,Individual,Scott,Hughes,1967-06-08,M,USA,California,Home,5,No,Website,C1002,1064050.72,3,59,1,First-Time Buyers
C1003,Individual,Lauren,Bennett,1977-08-11,F,USA,Nevada,Home,2,No,Website,C1003,1164909.23,3,49,3,Luxury Investors
C1004,Individual,Alexander,Anderson,1982-09-17,M,USA,Oregon,Home,3,Yes,Website,C1004,1553467.6600000001,4,44,0,Global Investors
C1005,Individual,Barbara,Chavez,1988-06-07,F,Germany,Hamburg,Home,3,No,Client,C1005,778101.6000000001,3,38,1,First-Time Buyers
C1006,Individual,Stephanie,Weaver,1992-12-24,F,USA,Georgia,Home,1,No,Website,C1006,738938.8,3,34,1,First-Time Buyers
C1007,Individual,Joyce,Brooks,1948-10-25,F,UK,England,Home,4,No,Agency,C1007,813104.68,3,78,1,First-Time Buyers
C1008,Company,Sterling,Co,1987-10-02,M,USA,California,Home,2,No,Website,C1008,1018262.69,4,39,1,First-Time Buyers
C1009,Individual,Evelyn,Bell,1950-02-11,F,USA,Nevada,Investment,4,Yes,Agency,C1009,741160.04,3,76,1,First-Time Buyers
C1010,Individual,Dennis,Moore,1964-03-10,M,Mexico,Jalisco,Home,4,No,Website,C1010,1331479.73,4,62,3,Luxury Investors
C1011,Individual,Virginia,Brooks,1952-12-18,F,USA,California,Investment,1,No,Website,C1011,1281389.3900000001,4,74,3,Luxury Investors
C1012,Individual,Raymond,Morales,1960-10-20,M,USA,New York,Home,4,Yes,Website,C1012,1690270.5,3,66,0,Global Investors
C1013,Individual,Stephanie,Patterson,1994-06-19,F,USA,Oregon,Home,1,Yes,Website,C1013,1627907.97,4,32,0,Global Investors
C1014,Individual,David,Weaver,1969-01-06,M,USA,California,Home,3,Yes,Website,C1014,1278106.36,3,57,3,Luxury Investors
C1015,Individual,Kyle,Davis,1977-09-01,M,USA,California,Home,4,Yes,Website,C1015,884426.51,3,49,1,First-Time Buyers
C1016,Individual,Andrea,Wilson,1976-04-05,F,USA,California,Home,4,Yes,Agency,C1016,1542774.6099999999,4,50,0,Global Investors
C1017,Individual,Megan,Baker,1968-12-22,F,USA,California,Home,1,Yes,Agency,C1017,1116371.43,4,58,3,Luxury Investors
C1018,Individual,Tiffany,Turner,1967-06-19,F,USA,Colorado,Home,5,Yes,Client,C1018,845680.5700000001,3,59,1,First-Time Buyers
C1019,Individual,Carolyn,Stewart,1975-10-27,F,USA,Nevada,Home,2,No,Client,C1019,1167255.18,3,51,3,Luxury Investors
C1020,Individual,Deborah,Morales,1994-07-23,F,USA,California,Home,3,No,Agency,C1020,1248826.8599999999,4,32,3,Luxury Investors
C1021,Individual,Jeffrey,Bryant,1974-09-04,M,USA,California,Investment,1,No,Client,C1021,1554739.9,4,52,0,Global Investors
C1022,Individual,Christina,King,1984-04-17,F,USA,Colorado,Home,1,No,Agency,C1022,1389709.13,4,42,3,Luxury Investors
C1023,Individual,Heather,Bell,1953-07-28,F,USA,Nevada,Home,1,Yes,Website,C1023,1336237.87,3,73,3,Luxury Investors
C1024,Individual,Gregory,Long,1969-08-03,M,USA,Arizona,Investment,2,No,Agency,C1024,1351032.92,3,57,3,Luxury Investors
C1025,Individual,Michelle,King,1947-01-20,F,USA,California,Home,1,No,Client,C1025,738424.1799999999,3,79,1,First-Time Buyers
C1026,Individual,Robert,Parker,1991-08-12,M,USA,California,Investment,1,No,Agency,C1026,1440775.1,3,35,3,Luxury Investors
C1027,Individual,Gerald,White,1976-12-10,M,USA,California,Investment,1,Yes,Client,C1027,1554407.81,3,50,0,Global Investors
C1028,Individual,Nicholas,Cox,1942-04-07,M,USA,California,Home,1,Yes,Website,C1028,1143826.71,4,84,3,Luxury Investors
C1029,Individual,Ryan,Jackson,1949-11-06,M,Australia,Victoria,Home,1,No,Agency,C1029,946560.97,3,77,1,First-Time Buyers
C1030,Individual,Christine,Owens,1960-04-20,F,USA,Ohio,Home,4,No,Website,C1030,1353543.06,4,66,3,Luxury Investors
C1031,Individual,Alexander,Reed,1989-01-13,M,UK,England,Home,1,No,Website,C1031,1011333.2,3,37,1,First-Time Buyers
C1032,Individual,Larry,Freeman,1977-01-03,M,USA,Nevada,Home,5,No,Website,C1032,1494289.73,4,49,0,Global Investors
C1033,Individual,Eric,Jackson,1962-06-21,M,France,Ile-de-France,Home,2,No,Website,C1033,1496120.51,4,64,0,Global Investors
C1034,Individual,Andrea,Wilson,1979-01-20,F,USA,Colorado,Home,5,No,Client,C1034,1200049.6,4,47,3,Luxury Investors
C1035,Individual,Jacob,Williams,1961-02-10,M,USA,Virginia,Home,2,No,Website,C1035,1528550.1300000001,4,65,0,Global Investors
C1036,Individual,Martha,Collins,1988-03-13,F,USA,Oregon,Home,2,No,Agency,C1036,1176436.08,3,38,3,Luxury Investors
C1037,Company,Corvus,Co,1970-01-02,M,Mexico,Baja California,Home,2,Yes,Website,C1037,1115637.13,3,56,3,Luxury Investors
C1038,Individual,Gerald,Gray,1959-05-25,M,USA,California,Investment,3,No,Website,C1038,907128.2000000001,3,67,1,First-Time Buyers
C1039,Individual,Nicholas,Carter,1962-07-17,M,USA,California,Home,1,Yes,Agency,C1039,1428452.94,4,64,3,Luxury Investors
C1040,Individual,Joseph,Young,1940-04-05,M,USA,California,Investment,5,Yes,Website,C1040,901095.79,3,86,1,First-Time Buyers
C1041,Individual,Evelyn,Morris,1990-12-07,F,USA,Nevada,Home,5,Yes,Website,C1041,1150040.79,3,36,3,Luxury Investors
C1042,Individual,Rebecca,Parker,1945-08-03,F,USA,Nevada,Home,2,No,Agency,C1042,1325783.46,4,81,3,Luxury Investors
C1043,Individual,Carol,Griffin,1999-07-14,F,USA,Washington,Home,5,No,Website,C1043,1067911.8599999999,3,27,1,First-Time Buyers
C1044,Individual,Eric,Howard,1971-05-15,M,USA,Nevada,Investment,5,No,Website,C1044,1368036.3900000001,4,55,3,Luxury Investors
C1045,Individual,Rebecca,Allen,1942-04-01,F,USA,New York,Home,3,No,Website,C1045,974840.03,3,84,1,First-Time Buyers
C1046,Individual,Maria,Wood,1969-05-21,F,Canada,Quebec,Home,4,Yes,Website,C1046,1301128.39,4,57,3,Luxury Investors
C1047,Individual,Ronald,Reyes,1984-12-12,M,USA,Virginia,Home,3,No,Website,C1047,1333737.83,3,42,3,Luxury Investors
C1048,Individual,Angela,Turner,1970-01-27,F,USA,Oregon,Investment,1,No,Agency,C1048,1349339.41,3,56,3,Luxury Investors
C1049,Individual,Tiffany,Sanders,1940-11-05,F,USA,California,Investment,5,No,Website,C1049,1214294.1600000001,3,86,3,Luxury Investors
C1050,Individual,Tyler,Watson,1955-10-03,M,USA,Georgia,Home,4,Yes,Website,C1050,1274655.09,4,71,3,Luxury Investors
C1051,Individual,Cheryl,Hansen,1958-07-19,F,USA,Virginia,Home,1,Yes,Agency,C1051,894972.26,3,68,1,First-Time Buyers
C1052,Individual,Kimberly,Parker,1953-04-24,F,USA,Utah,Home,1,Yes,Agency,C1052,1008000.54,4,73,1,First-Time Buyers
C1053,Individual,Adam,Kim,1974-11-10,M,Mexico,Nuevo Leon,Home,2,Yes,Website,C1053,1280976.9,3,52,3,Luxury Investors
C1054,Individual,Edward,Foster,1989-09-04,M,USA,Arizona,Home,2,Yes,Website,C1054,837920.5800000001,3,37,1,First-Time Buyers
C1055,Individual,Jonathan,Bennett,1972-11-20,M,USA,New York,Investment,2,Yes,Website,C1055,811498.78,3,54,1,First-Time Buyers
C1056,Individual,Larry,Wilson,1979-01-19,M,USA,Colorado,Home,1,Yes,Website,C1056,1436352.77,3,47,3,Luxury Investors
C1057,Individual,Jesse,Garcia,1994-04-17,M,USA,Nevada,Investment,5,No,Website,C1057,1430593.53,4,32,3,Luxury Investors
C1058,Individual,Rachel,Weaver,1973-06-12,F,Germany,Bavaria,Home,3,Yes,Website,C1058,1526007.8199999998,4,53,0,Global Investors
C1059,Individual,Danielle,Davis,1978-06-26,F,USA,California,Home,4,No,Website,C1059,1266979.76,3,48,3,Luxury Investors
C1060,Individual,Christian,Evans,1940-12-25,M,USA,Nevada,Home,5,No,Agency,C1060,1167625.18,3,86,3,Luxury Investors
C1061,Individual,Stephanie,Smith,1960-06-01,F,UK,Scotland,Home,1,No,Website,C1061,1689767.29,4,66,0,Global Investors
C1062,Individual,Billy,Foster,1975-12-20,M,USA,California,Home,4,No,Agency,C1062,1766882.53,4,51,0,Global Investors
C1063,Individual,Nicole,Weaver,1988-12-05,F,USA,New York,Investment,5,Yes,Website,C1063,1315820.94,3,38,3,Luxury Investors
C1064,Individual,Brandon,Pierce,1945-08-06,M,USA,California,Home,5,Yes,Website,C1064,695434.77,3,81,1,First-Time Buyers
C1065,Individual,Mark,Reyes,1955-01-06,M,USA,Georgia,Home,3,Yes,Client,C1065,1107631.34,3,71,3,Luxury Investors
C1066,Individual,Ashley,Moore,1941-09-21,F,Australia,Victoria,Home,1,No,Website,C1066,1208868.77,4,85,3,Luxury Investors
C1067,Individual,Samuel,Howard,1942-12-24,M,Mexico,Jalisco,Investment,4,No,Agency,C1067,849001.36,3,84,1,First-Time Buyers
C1068,Individual,Kathleen,Carter,1984-02-10,F,USA,California,Home,3,No,Agency,C1068,1403831.31,3,42,3,Luxury Investors
C1069,Individual,Lawrence,Cox,1992-06-13,M,USA,Virginia,Home,3,Yes,Agency,C1069,1323760.8399999999,3,34,3,Luxury Investors
C1070,Individual,Virginia,Rogers,1951-06-26,F,Germany,Bavaria,Home,5,No,Agency,C1070,1286265.1400000001,3,75,3,Luxury Investors
C1071,Individual,Aaron,Johnson,1966-08-11,M,USA,Texas,Home,2,No,Agency,C1071,1047375.62,4,60,1,First-Time Buyers
C1072,Individual,Kimberly,Jones,1962-06-10,F,USA,Utah,Home,3,No,Agency,C1072,829884.93,3,64,1,First-Time Buyers
C1073,Individual,Carl,Collins,1955-07-02,M,USA,California,Investment,2,No,Website,C1073,1197808.83,4,71,3,Luxury Investors
C1074,Individual,George,Foster,1954-07-10,M,UK,Northern Ireland,Home,1,No,Website,C1074,1004700.45,3,72,1,First-Time Buyers
C1075,Individual,Carolyn,Watson,1975-02-17,F,Mexico,Baja California,Home,3,No,Website,C1075,1178400.08,4,51,3,Luxury Investors
C1076,Individual,Betty,Thompson,1980-10-28,F,USA,Florida,Investment,3,No,Agency,C1076,884169.44,3,46,1,First-Time Buyers
C1077,Individual,Peter,Griffin,1982-03-07,M,USA,Texas,Investment,2,No,Agency,C1077,1467449.24,4,44,0,Global Investors
C1078,Individual,Joshua,Howard,1940-07-22,M,USA,Ohio,Home,1,No,Agency,C1078,1247337.58,3,86,3,Luxury Investors
C1079,Individual,Steven,Hayes,1959-06-19,M,USA,California,Investment,4,Yes,Website,C1079,1151228.31,3,67,3,Luxury Investors
C1080,Individual,Hannah,Stewart,1956-10-06,F,UK,England,Investment,4,No,Agency,C1080,1594795.52,4,70,0,Global Investors
C1081,Company,Meridian,Co,1974-09-08,M,Russia,Novosibirsk,Home,4,Yes,Agency,C1081,1006584.7,3,52,1,First-Time Buyers
C1082,Individual,Patricia,Martin,1993-02-04,F,USA,Oregon,Investment,5,Yes,Website,C1082,829499.85,3,33,1,First-Time Buyers
C1083,Individual,Pamela,Jackson,1950-10-06,F,USA,Colorado,Investment,4,No,Agency,C1083,1145122.1,4,76,3,Luxury Investors
C1084,Individual,Sarah,Hansen,1989-07-27,F,France,Ile-de-France,Home,4,No,Agency,C1084,1357921.15,4,37,3,Luxury Investors
C1085,Individual,Sarah,Flores,1947-10-18,F,Australia,Queensland,Investment,1,No,Client,C1085,797675.03,3,79,1,First-Time Buyers
C1086,Individual,Timothy,Montgomery,1956-03-01,M,USA,Colorado,Home,1,Yes,Website,C1086,1339827.27,4,70,3,Luxury Investors
C1087,Individual,Matthew,Owens,1984-01-03,M,USA,Colorado,Home,3,No,Website,C1087,1878433.21,4,42,0,Global Investors
C1088,Individual,Nicholas,Stewart,1998-09-26,M,USA,Utah,Home,4,Yes,Agency,C1088,802271.19,3,28,1,First-Time Buyers
C1089,Individual,Madison,Ward,1962-09-17,F,USA,Utah,Home,1,Yes,Website,C1089,959344.08,4,64,1,First-Time Buyers
C1090,Individual,Laura,Moore,1962-09-07,F,Canada,Alberta,Home,3,Yes,Client,C1090,1217272.58,3,64,3,Luxury Investors
C1091,Individual,Arthur,Phillips,1984-07-21,M,USA,Nevada,Home,1,Yes,Agency,C1091,741797.49,3,42,1,First-Time Buyers
C1092,Individual,Terry,Adams,1996-11-24,M,USA,Oregon,Investment,2,No,Website,C1092,1213248.05,3,30,3,Luxury Investors
C1093,Individual,Adam,Allen,1980-07-13,M,USA,Oregon,Home,1,Yes,Website,C1093,805402.8300000001,3,46,1,First-Time Buyers
C1094,Individual,Sarah,Cook,1960-02-12,F,USA,Washington,Home,2,Yes,Website,C1094,1631407.56,4,66,0,Global Investors
C1095,Individual,Cynthia,Howard,1940-02-26,F,USA,California,Home,3,No,Agency,C1095,1454366.24,4,86,3,Luxury Investors
C1096,Individual,Grace,Edwards,1965-05-20,F,USA,New York,Home,2,No,Client,C1096,1756661.91,4,61,0,Global Investors
C1097,Individual,Teresa,Pierce,1962-07-16,F,Canada,Alberta,Home,3,Yes,Agency,C1097,1064342.81,3,64,1,First-Time Buyers
C1098,Individual,Paul,Young,1976-10-24,M,USA,California,Investment,3,No,Client,C1098,1187774.23,3,50,3,Luxury Investors
C1099,Individual,Joan,Scott,1972-06-26,F,USA,Colorado,Home,3,No,Agency,C1099,1426501.12,4,54,3,Luxury Investors
C1100,Individual,Frank,Thomas,1940-05-14,M,Russia,Novosibirsk,Home,1,No,Website,C1100,1314225.5899999999,4,86,3,Luxury Investors
C1101,Individual,Matthew,King,1964-01-03,M,Belgium,Flanders,Home,5,No,Website,C1101,1037914.4299999999,4,62,1,First-Time Buyers
C1102,Company,Harmon,Co,1960-05-06,M,Germany,Berlin,Home,2,No,Agency,C1102,1248456.03,4,66,3,Luxury Investors
C1103,Individual,Jose,Johnson,1961-04-27,M,Belgium,Wallonia,Home,4,No,Agency,C1103,1206840.81,4,65,3,Luxury Investors
C1104,Individual,Christian,Weaver,1998-10-15,M,USA,Utah,Investment,5,Yes,Website,C1104,893996.19,3,28,1,First-Time Buyers
C1105,Individual,Roger,Ward,1940-01-14,M,USA,Nevada,Home,3,Yes,Website,C1105,1623510.31,4,86,0,Global Investors
C1106,Individual,Sean,Martin,1982-05-16,M,USA,California,Home,1,No,Agency,C1106,773499.85,3,44,1,First-Time Buyers
C1107,Individual,Frank,Hayes,1948-01-15,M,Canada,British Columbia,Home,1,No,Website,C1107,1156527.59,3,78,3,Luxury Investors
C1108,Individual,Helen,Ward,1994-01-12,F,Australia,South Australia,Home,4,No,Website,C1108,1069904.1,3,32,1,First-Time Buyers
C1109,Individual,Rebecca,Anderson,1967-09-05,F,USA,California,Home,1,Yes,Client,C1109,1756965.37,4,59,0,Global Investors
C1110,Individual,Harold,Watson,1977-05-12,M,USA,New York,Home,5,Yes,Website,C1110,1445458.33,4,49,3,Luxury Investors
C1111,Company,Corvus,Co,1967-01-23,M,USA,California,Home,4,Yes,Website,C1111,885146.14,3,59,1,First-Time Buyers
C1112,Individual,Donald,Green,1982-01-05,M,USA,Nevada,Investment,3,Yes,Website,C1112,961599.4199999999,3,44,1,First-Time Buyers
C1113,Individual,Brenda,Martin,1974-08-18,F,USA,Texas,Investment,2,No,Client,C1113,1162770.88,4,52,3,Luxury Investors
C1114,Individual,Cheryl,Wood,1992-02-04,F,USA,California,Home,3,No,Website,C1114,872825.73,3,34,1,First-Time Buyers
C1115,Individual,Joseph,Bell,1973-10-24,M,USA,Colorado,Home,3,Yes,Agency,C1115,1054599.19,3,53,1,First-Time Buyers
C1116,Individual,Angela,Freeman,1991-12-17,F,USA,California,Home,1,Yes,Agency,C1116,766951.9500000001,3,35,1,First-Time Buyers
C1117,Individual,Rebecca,Patterson,1955-02-23,F,Mexico,Mexico City,Home,5,Yes,Website,C1117,1149629.49,4,71,3,Luxury Investors
C1118,Company,Caldera,Co,1969-04-26,M,UK,Scotland,Investment,2,Yes,Website,C1118,859368.99,3,57,1,First-Time Buyers
C1119,Individual,Larry,Green,1941-03-14,M,USA,Oregon,Home,1,Yes,Website,C1119,938703.6599999999,3,85,1,First-Time Buyers
C1120,Individual,Kathleen,Carter,1979-07-16,F,USA,Arizona,Home,1,No,Website,C1120,1371211.29,4,47,3,Luxury Investors
C1121,Individual,Carolyn,Gray,1985-06-02,F,USA,California,Home,1,No,Client,C1121,1014661.78,3,41,1,First-Time Buyers
C1122,Individual,Judith,Evans,1942-10-04,F,USA,California,Home,4,No,Website,C1122,1558949.2,4,84,0,Global Investors
C1123,Individual,Robert,Pierce,1951-03-11,M,USA,Virginia,Home,5,No,Agency,C1123,1241771.44,3,75,3,Luxury Investors
C1124,Individual,Sharon,Murray,1976-02-04,F,USA,Oregon,Investment,5,Yes,Website,C1124,1272190.01,4,50,3,Luxury Investors
C1125,Individual,Ronald,Price,1941-02-03,M,USA,Oregon,Home,3,No,Agency,C1125,1186907.08,3,85,3,Luxury Investors
C1126,Company,Elara,Co,1983-02-16,M,USA,Virginia,Home,1,Yes,Website,C1126,893488.2,3,43,1,First-Time Buyers
C1127,Individual,Ann,Cooper,1943-06-15,F,UK,England,Investment,1,No,Website,C1127,838728.4,3,83,1,First-Time Buyers
C1128,Individual,Brian,Montgomery,1983-12-05,M,USA,California,Investment,1,No,Website,C1128,1186634.53,3,43,3,Luxury Investors
C1129,Individual,Martha,Hansen,1945-09-03,F,USA,Colorado,Investment,5,No,Agency,C1129,1463125.26,4,81,0,Global Investors
C1130,Individual,Tiffany,Parker,1987-03-01,F,USA,Arizona,Home,5,No,Website,C1130,1326217.01,4,39,3,Luxury Investors
C1131,Individual,Cheryl,Kim,1984-05-28,F,USA,California,Investment,3,No,Website,C1131,1210500.79,3,42,3,Luxury Investors
C1132,Individual,Terry,Roberts,1982-01-21,M,USA,New York,Home,2,Yes,Website,C1132,1383901.27,3,44,3,Luxury Investors
C1133,Individual,Jason,Hansen,1993-01-21,M,USA,Oregon,Investment,3,No,Website,C1133,1427019.92,4,33,3,Luxury Investors
C1134,Individual,Dorothy,Bennett,1943-10-10,F,USA,California,Investment,1,No,Website,C1134,1088583.78,4,83,1,First-Time Buyers
C1135,Individual,Melissa,Phillips,1999-09-22,F,Russia,Moscow Oblast,Investment,5,Yes,Client,C1135,1186082.75,3,27,3,Luxury Investors
C1136,Individual,Shirley,Weaver,1965-04-27,F,USA,California,Home,3,Yes,Agency,C1136,1016844.64,3,61,1,First-Time Buyers
C1137,Individual,Carol,Price,1986-12-24,F,USA,Nevada,Home,4,Yes,Agency,C1137,1114902.43,3,40,3,Luxury Investors
C1138,Individual,George,Green,1964-08-24,M,USA,Oregon,Home,1,No,Website,C1138,840602.9199999999,3,62,1,First-Time Buyers
C1139,Individual,Tiffany,Green,1996-03-03,F,USA,California,Home,4,Yes,Client,C1139,1297382.59,3,30,3,Luxury Investors
C1140,Individual,Billy,Jackson,1976-07-01,M,USA,Florida,Home,1,Yes,Website,C1140,1275809.71,3,50,3,Luxury Investors
C1141,Individual,Kimberly,Montgomery,2000-01-26,F,USA,Arizona,Investment,3,No,Website,C1141,990242.33,3,26,1,First-Time Buyers
C1142,Individual,Julia,Hughes,1948-03-10,F,USA,Colorado,Home,2,Yes,Agency,C1142,1492680.13,4,78,0,Global Investors
C1143,Individual,Michael,Garcia,1994-09-10,M,USA,Arizona,Home,2,Yes,Website,C1143,1108329.67,3,32,3,Luxury Investors
C1144,Individual,Diane,Young,1978-11-10,F,USA,Georgia,Investment,4,No,Client,C1144,1244666.12,4,48,3,Luxury Investors
C1145,Individual,Ethan,King,1993-04-04,M,USA,Nevada,Home,5,No,Website,C1145,1118850.31,3,33,3,Luxury Investors
C1146,Individual,Richard,Weaver,1991-03-14,M,USA,California,Investment,2,No,Website,C1146,1037824.43,3,35,1,First-Time Buyers
C1147,Individual,Brittany,Edwards,1978-02-09,F,USA,Utah,Home,3,No,Website,C1147,905314.84,3,48,1,First-Time Buyers
C1148,Individual,Joshua,Rogers,1991-07-15,M,Australia,New South Wales,Home,1,Yes,Agency,C1148,1083677.57,3,35,1,First-Time Buyers
C1149,Individual,Kimberly,Thomas,1980-03-06,F,Russia,Tatarstan,Home,3,No,Agency,C1149,1277449.99,4,46,3,Luxury Investors
C1150,Individual,Tiffany,Cook,1992-11-08,F,USA,Nevada,Investment,4,No,Agency,C1150,1476970.3,3,34,0,Global Investors
C1151,Individual,Tyler,Anderson,1963-12-14,M,USA,Arizona,Investment,2,No,Website,C1151,1760000.3399999999,4,63,0,Global Investors
C1152,Individual,Jason,Williams,1977-09-16,M,USA,Georgia,Home,1,No,Website,C1152,1654928.32,4,49,0,Global Investors
C1153,Individual,Scott,Sanders,1991-09-14,M,USA,California,Home,1,No,Website,C1153,1007630.0,3,35,1,First-Time Buyers
C1154,Individual,Jerry,Brown,1956-07-12,M,USA,Utah,Home,5,Yes,Agency,C1154,1373889.96,4,70,3,Luxury Investors
C1155,Individual,William,Young,1977-03-03,M,USA,California,Home,5,No,Website,C1155,1577625.0,3,49,0,Global Investors
C1156,Individual,Dorothy,Kim,1956-05-16,F,USA,Virginia,Home,4,No,Agency,C1156,859956.66,3,70,1,First-Time Buyers
C1157,Individual,Kenneth,Davis,1944-11-02,M,Canada,Alberta,Investment,2,No,Website,C1157,894080.38,4,82,1,First-Time Buyers
C1158,Individual,Joan,Pierce,1955-05-19,F,USA,California,Investment,2,No,Website,C1158,941360.29,3,71,1,First-Time Buyers
C1159,Individual,Gerald,Howard,1940-03-24,M,USA,Nevada,Investment,1,Yes,Website,C1159,1170550.92,3,86,3,Luxury Investors
C1160,Individual,Walter,Griffin,1980-11-21,M,USA,Florida,Home,2,Yes,Website,C1160,1359425.8599999999,4,46,3,Luxury Investors
C1161,Individual,Stephen,White,1994-02-12,M,Canada,Alberta,Investment,3,Yes,Website,C1161,2022416.31,4,32,0,Global Investors
C1162,Individual,Charles,Nelson,1962-01-25,M,USA,California,Investment,2,No,Website,C1162,1116223.63,4,64,3,Luxury Investors
C1163,Individual,Noah,Morales,1998-10-26,M,USA,California,Home,3,Yes,Website,C1163,1202709.18,4,28,3,Luxury Investors
C1164,Individual,Emma,Watson,1968-04-11,F,Belgium,Wallonia,Home,3,Yes,Agency,C1164,1315287.03,4,58,3,Luxury Investors
C1165,Individual,Victoria,Alexander,1994-09-26,F,Russia,Moscow Oblast,Home,1,No,Website,C1165,970705.3999999999,3,32,1,First-Time Buyers
C1166,Individual,Scott,Hall,1991-11-15,M,USA,New York,Investment,1,No,Website,C1166,1163601.79,4,35,3,Luxury Investors
C1167,Individual,Kevin,Alexander,1967-12-20,M,UK,Scotland,Home,3,No,Website,C1167,1163104.83,3,59,3,Luxury Investors
C1168,Individual,Brittany,Reyes,1998-12-25,F,Germany,Hamburg,Home,2,Yes,Agency,C1168,1081069.19,4,28,1,First-Time Buyers
C1169,Individual,Noah,Bryant,1994-01-05,M,Russia,Saint Petersburg,Home,5,Yes,Agency,C1169,900300.22,4,32,1,First-Time Buyers
C1170,Individual,Amanda,Collins,1990-02-09,F,USA,Nevada,Home,1,Yes,Website,C1170,1165955.62,4,36,3,Luxury Investors
C1171,Individual,Anna,Patterson,1984-08-21,F,USA,California,Investment,4,Yes,Website,C1171,1561809.25,4,42,0,Global Investors
C1172,Individual,Victoria,Freeman,1942-11-05,F,USA,Nevada,Home,5,No,Website,C1172,1240274.79,4,84,3,Luxury Investors
C1173,Individual,Cheryl,Price,1984-11-02,F,Canada,Manitoba,Investment,1,No,Website,C1173,1261072.17,4,42,3,Luxury Investors
C1174,Individual,Kenneth,White,1982-07-06,M,USA,Nevada,Home,2,No,Agency,C1174,1414798.99,4,44,3,Luxury Investors
C1175,Individual,Evelyn,Long,1959-09-27,F,USA,California,Home,2,No,Website,C1175,1766232.62,4,67,0,Global Investors
C1176,Individual,Lauren,Baker,1975-06-03,F,USA,California,Investment,4,Yes,Agency,C1176,1003328.89,3,51,1,First-Time Buyers
C1177,Individual,Larry,Sanders,1998-09-05,M,USA,California,Investment,2,No,Agency,C1177,1047224.2699999999,4,28,1,First-Time Buyers
C1178,Individual,Jessica,Richardson,1950-07-16,F,USA,California,Home,1,No,Agency,C1178,744651.07,3,76,1,First-Time Buyers
C1179,Individual,Melissa,Anderson,1991-02-09,F,USA,California,Home,4,No,Agency,C1179,848152.02,3,35,1,First-Time Buyers
C1180,Individual,Deborah,Miller,1995-07-11,F,Belgium,Brussels,Home,2,Yes,Website,C1180,1111089.24,4,31,3,Luxury Investors
C1181,Individual,Judith,Hansen,1956-03-23,F,USA,Nevada,Investment,5,No,Website,C1181,743723.3099999999,3,70,1,First-Time Buyers
C1182,Individual,Christopher,Murray,1961-03-11,M,Germany,Bavaria,Investment,3,Yes,Website,C1182,1522183.38,4,65,0,Global Investors
C1183,Individual,Carl,Rogers,1993-11-14,M,USA,Arizona,Investment,1,No,Website,C1183,1364593.88,4,33,3,Luxury Investors
C1184,Individual,David,Nelson,1953-04-14,M,France,Ile-de-France,Home,2,No,Website,C1184,500255.63,3,73,1,First-Time Buyers
C1185,Individual,Ronald,Peterson,2000-06-27,M,USA,California,Home,3,No,Website,C1185,1218570.99,4,26,3,Luxury Investors
C1186,Individual,Victoria,Bennett,1978-06-27,F,USA,Nevada,Home,3,Yes,Website,C1186,1141153.96,3,48,3,Luxury Investors
C1187,Individual,Melissa,Pierce,1962-03-18,F,USA,Nevada,Home,4,No,Website,C1187,1097539.23,3,64,1,First-Time Buyers
C1188,Individual,Matthew,White,1995-11-01,M,Canada,Alberta,Home,1,No,Client,C1188,1437535.25,4,31,3,Luxury Investors
C1189,Individual,Peter,Alexander,1963-01-22,M,USA,Florida,Home,2,Yes,Client,C1189,1180295.09,4,63,3,Luxury Investors
C1190,Individual,Sandra,Baker,1946-08-04,F,USA,Texas,Home,4,No,Client,C1190,1358669.02,4,80,3,Luxury Investors
C1191,Individual,Mary,Cox,1950-04-17,F,USA,California,Investment,3,No,Website,C1191,1095538.81,3,76,1,First-Time Buyers
C1192,Individual,Adam,Jones,2000-01-05,M,USA,Florida,Home,5,No,Website,C1192,1111237.94,4,26,3,Luxury Investors
C1193,Individual,Amy,Owens,1975-04-20,F,UK,England,Home,1,No,Website,C1193,946796.24,4,51,1,First-Time Buyers
C1194,Individual,Melissa,Brooks,1943-06-17,F,USA,Colorado,Home,1,No,Website,C1194,1084957.53,3,83,1,First-Time Buyers
C1195,Individual,Anna,Pierce,1990-06-07,F,USA,California,Home,4,Yes,Agency,C1195,1118238.91,4,36,3,Luxury Investors
C1196,Individual,William,Freeman,1955-09-03,M,USA,Nevada,Home,2,No,Agency,C1196,1731153.76,4,71,0,Global Investors
C1197,Individual,Deborah,Roberts,1959-04-10,F,USA,Arizona,Home,4,No,Website,C1197,1439595.57,3,67,3,Luxury Investors
C1198,Individual,Lisa,Young,1960-01-21,F,USA,New York,Home,1,No,Agency,C1198,1415391.5899999999,3,66,3,Luxury Investors
C1199,Individual,Justin,Campbell,1943-03-03,M,USA,Colorado,Home,2,No,Website,C1199,1013002.89,4,83,1,First-Time Buyers
C1200,Individual,Henry,Taylor,1969-11-03,M,USA,Utah,Home,4,No,Agency,C1200,1789601.3299999998,4,57,0,Global Investors
C1201,Individual,Timothy,Stewart,2000-03-22,M,USA,Oregon,Investment,1,Yes,Website,C1201,1063833.91,4,26,1,First-Time Buyers
C1202,Company,Telnox,Co,1985-05-09,M,Canada,Quebec,Investment,5,Yes,Website,C1202,1527115.1600000001,4,41,0,Global Investors
C1203,Individual,Ashley,Green,1962-01-18,F,USA,Arizona,Home,2,Yes,Website,C1203,1083378.55,3,64,1,First-Time Buyers
C1204,Individual,William,Reed,1992-04-03,M,Mexico,Puebla,Investment,2,Yes,Website,C1204,1231356.24,3,34,3,Luxury Investors
C1205,Individual,Patrick,Pierce,1959-05-15,M,Belgium,Flanders,Home,4,No,Website,C1205,968123.38,3,67,1,First-Time Buyers
C1206,Individual,Melissa,Baker,1957-12-09,F,USA,California,Investment,5,No,Website,C1206,941726.19,3,69,1,First-Time Buyers
C1207,Individual,Lauren,Price,1973-10-24,F,USA,Texas,Home,5,Yes,Agency,C1207,1084392.98,4,53,1,First-Time Buyers
C1208,Individual,Noah,Ward,1977-11-27,M,USA,Colorado,Home,1,No,Website,C1208,1277019.82,3,49,3,Luxury Investors
C1209,Individual,Tiffany,Kim,1978-07-01,F,USA,California,Home,4,Yes,Website,C1209,1201633.01,4,48,3,Luxury Investors
C1210,Individual,Dennis,Cox,1991-06-04,M,USA,California,Investment,1,No,Website,C1210,1146800.83,4,35,3,Luxury Investors
C1211,Individual,Kathleen,Owens,1996-07-10,F,Canada,British Columbia,Home,5,Yes,Website,C1211,1447927.02,4,30,3,Luxury Investors
C1212,Individual,Lawrence,Gray,1957-07-11,M,USA,California,Home,1,No,Agency,C1212,1052290.76,4,69,1,First-Time Buyers
C1213,Individual,Ruth,Martin,1993-08-06,F,Canada,Manitoba,Home,5,No,Website,C1213,829461.56,3,33,1,First-Time Buyers
C1214,Individual,Jennifer,Peterson,2000-08-10,F,USA,Florida,Home,1,No,Agency,C1214,1725018.4100000001,4,26,0,Global Investors
C1215,Individual,Charles,Patterson,1994-07-24,M,USA,California,Home,3,No,Website,C1215,1140423.3800000001,3,32,3,Luxury Investors
C1216,Individual,Martha,Jordan,1997-07-10,F,France,Normandy,Home,4,No,Website,C1216,1191384.37,3,29,3,Luxury Investors
C1217,Individual,William,Carter,1997-01-05,M,USA,California,Investment,4,Yes,Website,C1217,1007204.78,3,29,1,First-Time Buyers
C1218,Individual,Teresa,Smith,1941-12-28,F,USA,California,Home,1,Yes,Website,C1218,1308613.5699999998,4,85,3,Luxury Investors
C1219,Individual,Danielle,Howard,1983-12-06,F,USA,Arizona,Home,1,Yes,Website,C1219,867409.27,3,43,1,First-Time Buyers
C1220,Individual,Christina,Martin,1967-09-08,F,USA,Colorado,Investment,4,Yes,Website,C1220,1471199.75,4,59,0,Global Investors
C1221,Individual,Cynthia,Thomas,1984-05-23,F,USA,Nevada,Investment,2,No,Agency,C1221,1354868.93,3,42,3,Luxury Investors
C1222,Individual,Christopher,Taylor,1969-01-07,M,USA,Utah,Home,4,No,Website,C1222,1319349.8599999999,3,57,3,Luxury Investors
C1223,Individual,Sharon,Stone,1952-09-17,F,USA,Washington,Home,4,No,Website,C1223,1072582.78,3,74,1,First-Time Buyers
C1224,Individual,Paul,Carter,1942-06-13,M,USA,New York,Investment,5,Yes,Client,C1224,827238.27,3,84,1,First-Time Buyers
C1225,Individual,Larry,James,1990-11-10,M,USA,Oregon,Home,2,No,Website,C1225,1122587.7,3,36,3,Luxury Investors
C1226,Individual,Michael,Sanders,1989-05-01,M,USA,Utah,Home,4,No,Website,C1226,972596.1300000001,3,37,1,First-Time Buyers
C1227,Individual,Alexander,Reyes,1987-03-13,M,USA,Colorado,Home,3,Yes,Agency,C1227,2151534.73,4,39,2,Corporate Buyers
C1228,Individual,Joseph,Howard,1954-07-07,M,USA,California,Home,2,No,Website,C1228,1058718.77,3,72,1,First-Time Buyers
C1229,Individual,Madison,Reyes,1994-11-02,F,UK,Scotland,Home,1,Yes,Website,C1229,1185126.78,3,32,3,Luxury Investors
C1230,Individual,Lawrence,Parker,1985-02-18,M,USA,California,Home,5,No,Client,C1230,759973.15,3,41,1,First-Time Buyers
C1231,Individual,Betty,Carter,1954-12-09,F,USA,California,Home,2,No,Agency,C1231,859705.1699999999,3,72,1,First-Time Buyers
C1232,Individual,Mary,Jackson,1989-09-23,F,Canada,British Columbia,Home,3,No,Website,C1232,1527373.03,4,37,0,Global Investors
C1233,Individual,Brian,Scott,1979-08-05,M,USA,Utah,Home,4,No,Website,C1233,936287.8,3,47,1,First-Time Buyers
C1234,Individual,Karen,King,1957-01-20,F,USA,Colorado,Investment,1,No,Website,C1234,1463190.28,4,69,0,Global Investors
C1235,Individual,Michael,Morales,1957-05-27,M,USA,Arizona,Home,2,No,Website,C1235,1271344.1099999999,4,69,3,Luxury Investors
C1236,Individual,Brandon,Cook,1972-08-24,M,USA,Arizona,Home,4,Yes,Website,C1236,1747766.02,4,54,0,Global Investors
C1237,Individual,Helen,Cook,1943-09-25,F,UK,Wales,Investment,4,Yes,Website,C1237,688233.74,3,83,1,First-Time Buyers
C1238,Individual,Joshua,Bennett,1946-04-22,M,USA,Nevada,Home,1,Yes,Agency,C1238,1648873.57,4,80,0,Global Investors
C1239,Individual,Catherine,Adams,1953-02-07,F,USA,Oregon,Home,3,No,Agency,C1239,1457041.08,4,73,3,Luxury Investors
C1240,Individual,Gloria,Wright,1984-11-12,F,USA,Nevada,Investment,4,Yes,Website,C1240,1018594.4400000001,3,42,1,First-Time Buyers
C1241,Individual,Danielle,Martin,1973-08-19,F,USA,California,Home,1,No,Agency,C1241,1157084.5899999999,4,53,3,Luxury Investors
C1242,Individual,Gerald,Collins,1961-09-22,M,USA,California,Home,3,Yes,Website,C1242,1055842.78,3,65,1,First-Time Buyers
C1243,Individual,Jeffrey,Edwards,1948-10-04,M,USA,Colorado,Home,1,No,Website,C1243,1419502.04,4,78,3,Luxury Investors
C1244,Individual,Joseph,Phillips,1992-06-10,M,USA,Utah,Investment,5,Yes,Website,C1244,1438309.93,3,34,3,Luxury Investors
C1245,Individual,Edward,Reyes,1963-02-10,M,USA,California,Home,3,Yes,Agency,C1245,1422519.51,3,63,3,Luxury Investors
C1246,Individual,Joyce,Jackson,1943-05-10,F,Canada,Alberta,Home,2,No,Agency,C1246,859984.47,3,83,1,First-Time Buyers
C1247,Individual,Judy,Moore,1957-04-09,F,USA,Nevada,Investment,2,No,Website,C1247,1774416.3199999998,4,69,0,Global Investors
C1248,Individual,Sara,Scott,1976-07-04,F,USA,Arizona,Home,3,No,Agency,C1248,786895.89,3,50,1,First-Time Buyers
C1249,Individual,Janet,James,1971-07-14,F,USA,California,Investment,1,No,Website,C1249,1289938.6400000001,4,55,3,Luxury Investors
C1250,Individual,Jordan,Stewart,1950-04-19,M,USA,Nevada,Home,5,No,Agency,C1250,1582661.61,3,76,0,Global Investors
C1251,Individual,Aaron,Thompson,1975-11-01,M,USA,Texas,Investment,5,No,Website,C1251,1246714.37,4,51,3,Luxury Investors
C1252,Individual,Margaret,Cook,1962-02-27,F,USA,Arizona,Home,3,Yes,Website,C1252,1137673.55,3,64,3,Luxury Investors
C1253,Individual,Jason,Flores,1991-09-24,M,USA,California,Home,2,No,Agency,C1253,767162.2200000001,3,35,1,First-Time Buyers
C1254,Individual,Ethan,Freeman,1956-04-04,M,USA,California,Home,5,Yes,Agency,C1254,1604050.8800000001,4,70,0,Global Investors
C1255,Individual,Mark,Patterson,1999-09-15,M,USA,California,Home,3,No,Agency,C1255,1105130.19,4,27,3,Luxury Investors
C1256,Company,Triton,Co,1972-02-18,F,USA,California,Investment,4,No,Agency,C1256,1227293.02,3,54,3,Luxury Investors
C1257,Individual,Michael,Scott,1991-12-22,M,USA,California,Home,5,Yes,Agency,C1257,850550.13,3,35,1,First-Time Buyers
C1258,Individual,Betty,Stone,1969-06-22,F,USA,Nevada,Home,1,No,Website,C1258,1015636.19,4,57,1,First-Time Buyers
C1259,Individual,William,Edwards,1971-02-19,M,USA,California,Investment,3,Yes,Agency,C1259,1256766.51,4,55,3,Luxury Investors
C1260,Individual,Elizabeth,Ward,1992-08-24,F,USA,California,Home,2,No,Agency,C1260,1633449.34,4,34,0,Global Investors
C1261,Individual,Patrick,Kim,1976-09-03,M,USA,Utah,Home,3,No,Client,C1261,1491163.72,3,50,0,Global Investors
C1262,Individual,Dorothy,Evans,1950-11-10,F,USA,California,Investment,4,No,Agency,C1262,961425.37,3,76,1,First-Time Buyers
C1263,Individual,Lawrence,Alexander,1951-11-17,M,USA,California,Investment,3,No,Agency,C1263,1975384.2000000002,4,75,0,Global Investors
C1264,Individual,Sarah,Garcia,1999-12-06,F,USA,California,Investment,1,No,Agency,C1264,1287173.46,3,27,3,Luxury Investors
C1265,Individual,Gary,White,1943-03-24,M,USA,Washington,Home,1,Yes,Agency,C1265,1070432.96,3,83,1,First-Time Buyers
C1266,Individual,Christopher,Hughes,1952-06-20,M,UK,England,Home,2,No,Website,C1266,1204291.73,4,74,3,Luxury Investors
C1267,Individual,Dorothy,Peterson,1965-04-07,F,USA,Colorado,Home,3,Yes,Website,C1267,1399933.8800000001,3,61,3,Luxury Investors
C1268,Individual,Gloria,Green,1995-10-01,F,UK,Northern Ireland,Investment,1,Yes,Website,C1268,968928.25,3,31,1,First-Time Buyers
C1269,Individual,Jack,Bennett,1964-09-28,M,USA,California,Home,5,No,Website,C1269,1046535.0,3,62,1,First-Time Buyers
C1270,Individual,Cheryl,Ward,1978-10-18,F,USA,Texas,Home,4,No,Agency,C1270,1310435.53,3,48,3,Luxury Investors
C1271,Individual,Noah,Anderson,1992-09-10,M,USA,California,Home,2,Yes,Agency,C1271,1296911.85,4,34,3,Luxury Investors
C1272,Individual,Ryan,Collins,1941-05-13,M,France,Occitanie,Home,1,Yes,Website,C1272,778830.7999999999,3,85,1,First-Time Buyers
C1273,Individual,Gerald,Jordan,1968-05-13,M,Canada,Alberta,Home,5,No,Website,C1273,1462080.32,3,58,0,Global Investors
C1274,Individual,Linda,Jones,1979-07-09,F,USA,California,Investment,1,Yes,Website,C1274,1038831.8500000001,3,47,1,First-Time Buyers
C1275,Individual,Jessica,Roberts,1969-02-26,F,USA,Georgia,Investment,1,No,Website,C1275,1737593.0,4,57,0,Global Investors
C1276,Individual,Arthur,Griffin,1940-03-09,M,Australia,Victoria,Home,1,Yes,Agency,C1276,1635917.97,3,86,0,Global Investors
C1277,Individual,Lauren,Griffin,1981-04-01,F,USA,California,Investment,2,No,Agency,C1277,1270250.68,3,45,3,Luxury Investors
C1278,Individual,Arthur,Griffin,1997-07-25,M,USA,Utah,Home,4,No,Website,C1278,685587.81,3,29,1,First-Time Buyers
C1279,Individual,Peter,Martin,1943-10-12,M,USA,California,Home,4,Yes,Website,C1279,1278123.59,3,83,3,Luxury Investors
C1280,Individual,Jacob,Bennett,1953-09-19,M,USA,Texas,Home,2,Yes,Website,C1280,1295836.68,3,73,3,Luxury Investors
C1281,Individual,Deborah,Edwards,1998-06-12,F,Canada,Manitoba,Investment,2,Yes,Website,C1281,889312.14,3,28,1,First-Time Buyers
C1282,Individual,Ashley,Taylor,1996-05-18,F,USA,Colorado,Investment,3,Yes,Agency,C1282,1302998.6,4,30,3,Luxury Investors
C1283,Individual,Janice,Collins,1945-11-08,F,USA,New York,Home,3,No,Agency,C1283,1479050.94,4,81,0,Global Investors
C1284,Individual,Patrick,Bennett,1955-10-16,M,USA,California,Home,2,No,Website,C1284,1443865.51,4,71,3,Luxury Investors
C1285,Individual,Steven,Cox,1954-03-02,M,USA,Utah,Home,4,Yes,Website,C1285,1609592.58,3,72,0,Global Investors
C1286,Individual,Stephen,Evans,1963-07-10,M,USA,California,Home,5,No,Agency,C1286,1203306.91,3,63,3,Luxury Investors
C1287,Individual,Diane,Hughes,1998-04-07,F,USA,California,Investment,4,No,Website,C1287,843581.37,3,28,1,First-Time Buyers
C1288,Individual,Sean,Cooper,1941-01-20,M,Belgium,Wallonia,Home,3,No,Agency,C1288,971136.6900000001,3,85,1,First-Time Buyers
C1289,Individual,Samuel,Freeman,1973-07-26,M,Mexico,Jalisco,Investment,1,Yes,Agency,C1289,1076161.8599999999,4,53,1,First-Time Buyers
C1290,Individual,Teresa,Long,1973-10-24,F,USA,Washington,Home,3,Yes,Website,C1290,1332432.9100000001,4,53,3,Luxury Investors
C1291,Individual,Paul,Johnson,1983-11-09,M,USA,California,Investment,5,Yes,Website,C1291,1123403.46,3,43,3,Luxury Investors
C1292,Individual,Jordan,Evans,1977-05-22,M,USA,Texas,Investment,5,Yes,Website,C1292,1099365.94,4,49,1,First-Time Buyers
C1293,Individual,Anna,Wright,1972-08-01,F,USA,California,Home,1,No,Agency,C1293,1853570.08,4,54,0,Global Investors
C1294,Individual,Henry,Davis,1963-02-09,M,Canada,Ontario,Investment,3,Yes,Agency,C1294,1220533.28,3,63,3,Luxury Investors
C1295,Individual,Anna,Bryant,1992-04-21,F,USA,California,Investment,1,Yes,Website,C1295,1478836.57,4,34,0,Global Investors
C1296,Individual,Keith,Hughes,1963-06-02,M,USA,Virginia,Home,1,No,Website,C1296,1025127.71,3,63,1,First-Time Buyers
C1297,Company,Vertex,Co,1983-09-06,M,Germany,Berlin,Home,5,No,Website,C1297,1169866.19,3,43,3,Luxury Investors
C1298,Individual,Margaret,Taylor,1968-08-04,F,USA,California,Home,2,No,Agency,C1298,1571360.11,4,58,0,Global Investors
C1299,Individual,Karen,James,1944-05-05,F,USA,California,Investment,3,No,Website,C1299,1296600.42,3,82,3,Luxury Investors
C1300,Individual,Judith,Collins,1961-01-06,F,USA,California,Home,2,No,Website,C1300,1428770.88,3,65,3,Luxury Investors
C1301,Individual,Benjamin,Hayes,1955-12-17,M,USA,Virginia,Home,2,No,Agency,C1301,742139.88,3,71,1,First-Time Buyers
C1302,Individual,Jerry,Anderson,1996-04-19,M,USA,Arizona,Investment,5,No,Website,C1302,1709532.6,4,30,0,Global Investors
C1303,Individual,Christian,Miller,1962-08-22,M,USA,Arizona,Home,3,Yes,Website,C1303,979418.98,3,64,1,First-Time Buyers
C1304,Individual,Angela,Cook,1985-06-08,F,USA,California,Investment,1,No,Website,C1304,965747.81,3,41,1,First-Time Buyers
C1305,Individual,Catherine,Anderson,1978-09-17,F,USA,Georgia,Home,4,No,Website,C1305,1034190.9,4,48,1,First-Time Buyers
C1306,Individual,Kathleen,Morales,1948-03-18,F,USA,Washington,Home,5,No,Website,C1306,967094.76,3,78,1,First-Time Buyers
C1307,Individual,Rachel,Rogers,1993-02-14,F,USA,Colorado,Home,5,No,Agency,C1307,920439.02,3,33,1,First-Time Buyers
C1308,Individual,Timothy,Sanders,2000-03-04,M,USA,California,Investment,5,No,Agency,C1308,1363559.13,4,26,3,Luxury Investors
C1309,Individual,David,Reyes,1999-12-06,M,USA,California,Home,5,No,Website,C1309,1460171.4100000001,3,27,0,Global Investors
C1310,Individual,Ann,Roberts,1955-05-04,F,USA,New York,Home,5,No,Agency,C1310,1244334.1400000001,4,71,3,Luxury Investors
C1311,Individual,Christopher,Ward,1940-08-14,M,UK,England,Home,4,Yes,Client,C1311,1352275.6400000001,3,86,3,Luxury Investors
C1312,Individual,Timothy,Stone,1942-09-03,M,USA,New York,Home,5,No,Website,C1312,786877.06,3,84,1,First-Time Buyers
C1313,Individual,Heather,Reed,1972-03-17,F,Australia,Western Australia,Investment,3,No,Website,C1313,997579.61,3,54,1,First-Time Buyers
C1314,Individual,Rachel,Miller,1964-09-17,F,USA,Arizona,Home,3,No,Website,C1314,803329.23,3,62,1,First-Time Buyers
C1315,Individual,Joshua,Garcia,1948-12-24,M,USA,Colorado,Home,3,No,Agency,C1315,1066308.48,3,78,1,First-Time Buyers
C1316,Individual,Emma,King,1993-05-09,F,USA,Colorado,Home,2,Yes,Website,C1316,1238162.97,4,33,3,Luxury Investors
C1317,Company,Atlas,Co,1973-11-27,M,USA,Utah,Home,2,Yes,Website,C1317,1315200.12,3,53,3,Luxury Investors
C1318,Individual,William,Montgomery,1943-01-18,M,USA,Texas,Home,1,No,Website,C1318,1423923.98,4,83,3,Luxury Investors
C1319,Individual,Grace,James,1954-08-17,F,USA,Florida,Home,3,Yes,Client,C1319,1424704.13,4,72,3,Luxury Investors
C1320,Individual,Peter,Reyes,1969-05-03,M,USA,California,Investment,1,No,Website,C1320,1077693.04,3,57,1,First-Time Buyers
C1321,Individual,Christopher,Reed,1990-09-11,M,USA,Colorado,Investment,5,No,Client,C1321,787847.37,3,36,1,First-Time Buyers
C1322,Individual,Barbara,Reyes,1994-12-26,F,USA,California,Home,5,No,Agency,C1322,1094026.3399999999,3,32,1,First-Time Buyers
C1323,Individual,Nicholas,Moore,1963-07-28,M,USA,Utah,Home,3,No,Website,C1323,1180654.6,4,63,3,Luxury Investors
C1324,Individual,Carl,Edwards,1992-04-21,M,USA,Arizona,Investment,2,Yes,Agency,C1324,1323306.51,3,34,3,Luxury Investors
C1325,Individual,George,Jones,1974-12-09,M,Canada,Alberta,Home,5,Yes,Agency,C1325,1380292.56,4,52,3,Luxury Investors
C1326,Individual,Brandon,Mitchell,1944-05-22,M,USA,Colorado,Investment,4,No,Website,C1326,1489578.01,4,82,0,Global Investors
C1327,Individual,Betty,Carter,1993-05-14,F,USA,California,Home,4,Yes,Website,C1327,664017.81,3,33,1,First-Time Buyers
C1328,Individual,Sandra,Cooper,1956-07-23,F,USA,Washington,Home,4,No,Website,C1328,1337283.29,4,70,3,Luxury Investors
C1329,Individual,Scott,Parker,1968-04-28,M,USA,California,Investment,3,Yes,Agency,C1329,1041797.56,3,58,1,First-Time Buyers
C1330,Individual,Kelly,James,1975-05-02,F,USA,Colorado,Investment,2,No,Agency,C1330,835096.87,4,51,1,First-Time Buyers
C1331,Individual,Christina,Bennett,1986-10-06,F,USA,California,Investment,1,No,Agency,C1331,1047958.11,3,40,1,First-Time Buyers
C1332,Individual,Michael,Howard,1995-12-11,M,USA,Washington,Investment,5,Yes,Agency,C1332,1227353.63,3,31,3,Luxury Investors
C1333,Individual,Jack,Hansen,1988-03-27,M,USA,Nevada,Investment,2,Yes,Website,C1333,1364310.45,4,38,3,Luxury Investors
C1334,Individual,Victoria,Nelson,1965-12-08,F,USA,California,Home,5,Yes,Agency,C1334,1906641.78,4,61,0,Global Investors
C1335,Individual,Elizabeth,Hall,1982-05-01,F,USA,Oregon,Investment,2,Yes,Website,C1335,1001510.5800000001,3,44,1,First-Time Buyers
C1336,Individual,Joyce,Thompson,1948-12-09,F,USA,California,Home,5,No,Client,C1336,1371591.4,4,78,3,Luxury Investors
C1337,Individual,Jennifer,Johnson,1953-09-20,F,USA,California,Investment,5,No,Website,C1337,1310989.71,4,73,3,Luxury Investors
C1338,Individual,Christine,James,1968-12-01,F,USA,California,Home,2,Yes,Website,C1338,1096818.64,3,58,1,First-Time Buyers
C1339,Company,Rexon,Co,1961-02-24,M,USA,Nevada,Home,4,Yes,Website,C1339,1532340.63,4,65,0,Global Investors
C1340,Company,Forsyte,Co,1988-12-05,M,USA,Colorado,Home,5,No,Website,C1340,1746049.93,4,38,0,Global Investors
C1341,Individual,Julie,Cox,1952-09-23,F,USA,Colorado,Home,5,Yes,Website,C1341,756694.8300000001,3,74,1,First-Time Buyers
C1342,Individual,Maria,Griffin,1964-02-21,F,USA,California,Home,1,Yes,Agency,C1342,922722.19,3,62,1,First-Time Buyers
C1343,Individual,Megan,Turner,1995-03-13,F,Canada,Ontario,Home,5,No,Agency,C1343,1005148.6399999999,3,31,1,First-Time Buyers
C1344,Individual,Carl,Phillips,1974-05-24,M,USA,Florida,Home,1,No,Agency,C1344,1319490.92,4,52,3,Luxury Investors
C1345,Individual,Mary,Parker,1956-04-25,F,USA,Texas,Home,5,No,Website,C1345,942467.41,3,70,1,First-Time Buyers
C1346,Company,Triton,Co,1987-03-18,F,USA,Colorado,Investment,4,No,Agency,C1346,1037623.3900000001,3,39,1,First-Time Buyers
C1347,Individual,Mark,James,1956-02-13,M,USA,Washington,Home,2,No,Client,C1347,1001705.48,3,70,1,First-Time Buyers
C1348,Individual,Peter,Harris,1998-07-16,M,USA,Oregon,Home,4,Yes,Client,C1348,1021309.9299999999,3,28,1,First-Time Buyers
C1349,Individual,Joyce,Johnson,1982-02-14,F,USA,Virginia,Investment,3,No,Website,C1349,773186.34,3,44,1,First-Time Buyers
C1350,Individual,Julia,King,1991-05-17,F,Germany,Hamburg,Home,5,No,Website,C1350,743296.88,4,35,1,First-Time Buyers
C1351,Individual,Judith,Long,1987-06-24,F,Australia,South Australia,Home,2,No,Client,C1351,1400457.41,4,39,3,Luxury Investors
C1352,Individual,Benjamin,Gray,1989-03-16,M,USA,California,Home,2,Yes,Agency,C1352,1535963.18,3,37,0,Global Investors
C1353,Individual,Debra,Jackson,1997-10-15,F,Canada,Alberta,Home,1,No,Agency,C1353,532598.24,3,29,1,First-Time Buyers
C1354,Individual,Patrick,Johnson,1941-04-09,M,USA,Florida,Home,5,No,Website,C1354,1545799.94,3,85,0,Global Investors
C1355,Individual,Shirley,Owens,1966-11-22,F,USA,California,Investment,2,Yes,Client,C1355,1245446.7799999998,3,60,3,Luxury Investors
C1356,Individual,Jonathan,Morales,1994-03-26,M,USA,Oregon,Investment,4,No,Agency,C1356,1490237.62,3,32,0,Global Investors
C1357,Individual,Danielle,Patterson,1987-03-01,F,USA,California,Home,5,Yes,Website,C1357,1077383.54,3,39,1,First-Time Buyers
C1358,Individual,Gregory,Taylor,1943-01-05,M,USA,Texas,Home,4,No,Agency,C1358,965180.83,3,83,1,First-Time Buyers
C1359,Individual,Gary,Owens,1975-07-25,M,USA,Virginia,Home,3,No,Agency,C1359,1381335.3,4,51,3,Luxury Investors
C1360,Individual,Billy,Nelson,1990-11-27,M,USA,Virginia,Home,4,No,Agency,C1360,1001006.54,3,36,1,First-Time Buyers
C1361,Individual,Ashley,Owens,1943-07-21,F,USA,California,Home,3,No,Client,C1361,1529260.3,4,83,0,Global Investors
C1362,Individual,Laura,Jordan,1965-04-13,F,USA,California,Investment,1,Yes,Agency,C1362,993131.84,4,61,1,First-Time Buyers
C1363,Individual,James,Stone,1981-06-04,M,USA,Georgia,Home,5,Yes,Agency,C1363,1109919.3599999999,4,45,3,Luxury Investors
C1364,Individual,Andrea,Watson,1998-12-23,F,USA,California,Investment,1,No,Website,C1364,1201578.93,4,28,3,Luxury Investors
C1365,Individual,Tiffany,Sanders,1969-03-16,F,Belgium,Brussels,Investment,5,Yes,Website,C1365,1443894.02,4,57,3,Luxury Investors
C1366,Individual,George,Thompson,1995-07-27,M,USA,California,Home,1,No,Website,C1366,1488525.13,3,31,0,Global Investors
C1367,Individual,Stephanie,Jordan,1953-01-11,F,Germany,Berlin,Home,2,No,Client,C1367,1035889.5,3,73,1,First-Time Buyers
C1368,Individual,Jose,Gray,1947-11-22,M,USA,California,Home,5,Yes,Client,C1368,1378979.49,4,79,3,Luxury Investors
C1369,Individual,Peter,Garcia,1983-10-07,M,France,Brittany,Home,4,Yes,Agency,C1369,1615394.12,4,43,0,Global Investors
C1370,Individual,Frank,Evans,1965-06-04,M,USA,Colorado,Investment,1,No,Agency,C1370,834659.23,4,61,1,First-Time Buyers
C1371,Individual,Timothy,Thomas,1989-06-19,M,UK,England,Home,2,Yes,Website,C1371,1036681.19,4,37,1,First-Time Buyers
C1372,Individual,Lisa,Turner,1981-11-21,F,USA,Washington,Investment,2,No,Website,C1372,874872.8,3,45,1,First-Time Buyers
C1373,Individual,Melissa,Evans,1992-10-11,F,USA,California,Home,3,Yes,Website,C1373,1275663.27,3,34,3,Luxury Investors
C1374,Company,Quasar,Co,1990-01-25,M,France,Ile-de-France,Home,3,Yes,Agency,C1374,1230590.28,3,36,3,Luxury Investors
C1375,Individual,Carolyn,Flores,1972-11-22,F,USA,California,Investment,4,Yes,Agency,C1375,1097182.3900000001,4,54,1,First-Time Buyers
C1376,Individual,Carolyn,Edwards,1987-06-23,F,USA,Arizona,Investment,3,Yes,Agency,C1376,1272387.2999999998,3,39,3,Luxury Investors
C1377,Individual,Laura,Long,1984-01-04,F,USA,Utah,Investment,2,No,Website,C1377,828441.4099999999,3,42,1,First-Time Buyers
C1378,Individual,Maria,Morales,1976-11-19,F,USA,California,Investment,1,No,Website,C1378,1399739.87,3,50,3,Luxury Investors
C1379,Individual,Kevin,Gray,1970-06-11,M,UK,Scotland,Home,2,No,Website,C1379,827767.69,3,56,1,First-Time Buyers
C1380,Individual,Michael,Hughes,1949-10-15,M,Canada,Alberta,Investment,4,No,Website,C1380,1012542.1799999999,3,77,1,First-Time Buyers
C1381,Individual,Eric,Cox,1962-06-16,M,Germany,Hesse,Home,3,Yes,Website,C1381,1082639.9100000001,3,64,1,First-Time Buyers
C1382,Individual,Adam,James,1951-05-19,M,USA,Oregon,Home,2,No,Website,C1382,1176910.13,4,75,3,Luxury Investors
C1383,Individual,Noah,Moore,1992-11-11,M,USA,California,Home,2,No,Agency,C1383,864768.8300000001,3,34,1,First-Time Buyers
C1384,Individual,Mary,Young,1988-03-10,F,USA,California,Home,2,Yes,Agency,C1384,905480.04,3,38,1,First-Time Buyers
C1385,Individual,Kenneth,Owens,1946-06-01,M,USA,California,Home,1,No,Agency,C1385,1182983.03,3,80,3,Luxury Investors
C1386,Individual,Harold,Howard,1947-08-23,M,USA,Washington,Home,4,Yes,Website,C1386,1284366.78,3,79,3,Luxury Investors
C1387,Individual,Jose,Reed,1943-05-27,M,Germany,Hamburg,Investment,4,No,Website,C1387,804550.47,3,83,1,First-Time Buyers
C1388,Individual,Hannah,Stone,1999-04-20,F,USA,Washington,Home,3,No,Website,C1388,1183031.06,3,27,3,Luxury Investors
C1389,Individual,Jordan,Montgomery,1952-07-03,M,UK,Scotland,Home,2,No,Website,C1389,1742522.83,4,74,0,Global Investors
C1390,Individual,Lauren,Thomas,1979-07-21,F,USA,Nevada,Home,3,No,Website,C1390,906492.19,3,47,1,First-Time Buyers
C1391,Individual,Barbara,Campbell,1974-03-06,F,USA,Utah,Home,1,No,Website,C1391,1579627.98,4,52,0,Global Investors
C1392,Individual,Jose,Johnson,1990-06-05,M,USA,Colorado,Home,4,Yes,Agency,C1392,1434978.2000000002,4,36,3,Luxury Investors
C1393,Individual,Virginia,Miller,1981-07-09,F,Mexico,Baja California,Investment,1,No,Agency,C1393,1187799.99,4,45,3,Luxury Investors
C1394,Individual,Debra,Hansen,1977-02-26,F,USA,Nevada,Home,4,No,Website,C1394,1325404.6,4,49,3,Luxury Investors
C1395,Individual,Megan,Campbell,1988-09-27,F,Canada,Alberta,Investment,4,No,Website,C1395,1497964.92,4,38,0,Global Investors
C1396,Individual,Steven,Foster,1971-06-02,M,Canada,Manitoba,Investment,3,Yes,Website,C1396,977070.1199999999,3,55,1,First-Time Buyers
C1397,Individual,Linda,Chavez,1983-03-10,F,USA,Nevada,Home,4,No,Website,C1397,1551369.83,4,43,0,Global Investors
C1398,Individual,Alexander,Jones,1966-12-13,M,USA,California,Home,5,Yes,Website,C1398,926545.71,3,60,1,First-Time Buyers
C1399,Individual,Lauren,Evans,1978-08-23,F,Canada,British Columbia,Home,5,No,Agency,C1399,1259614.96,4,48,3,Luxury Investors
C1400,Individual,Maria,Jones,1991-10-24,F,UK,Northern Ireland,Home,4,No,Client,C1400,1146194.54,4,35,3,Luxury Investors
C1401,Individual,Virginia,Brooks,1999-03-24,F,USA,Virginia,Investment,1,No,Website,C1401,1223523.71,4,27,3,Luxury Investors
C1402,Individual,Helen,Jordan,1968-09-28,F,USA,Utah,Home,3,No,Agency,C1402,1394159.93,4,58,3,Luxury Investors
C1403,Individual,Pamela,Scott,1983-09-22,F,USA,Oregon,Home,2,No,Website,C1403,1463350.69,4,43,0,Global Investors
C1404,Individual,Sharon,Williams,1950-07-22,F,USA,California,Home,4,No,Agency,C1404,1193678.04,4,76,3,Luxury Investors
C1405,Individual,Ryan,Williams,1955-06-08,M,USA,Oregon,Home,5,No,Agency,C1405,1306722.3599999999,3,71,3,Luxury Investors
C1406,Individual,Sara,Wood,1970-09-01,F,USA,California,Home,3,No,Website,C1406,1364413.45,4,56,3,Luxury Investors
C1407,Individual,Sharon,Hansen,1956-03-22,F,USA,California,Home,1,No,Agency,C1407,1429717.0899999999,4,70,3,Luxury Investors
C1408,Company,Grandis,Co,1963-11-13,F,USA,California,Home,2,No,Agency,C1408,1345035.74,4,63,3,Luxury Investors
C1409,Individual,Katherine,Price,1957-08-01,F,USA,Oregon,Investment,2,No,Website,C1409,1072801.12,3,69,1,First-Time Buyers
C1410,Individual,Jennifer,Edwards,1965-12-16,F,USA,Nevada,Home,2,No,Agency,C1410,1439196.49,4,61,3,Luxury Investors
C1411,Individual,Anthony,Watson,1987-04-04,M,USA,California,Home,2,No,Client,C1411,1318823.1600000001,4,39,3,Luxury Investors
C1412,Company,Optima,Co,1985-06-28,F,USA,Nevada,Home,2,No,Agency,C1412,1498125.2,4,41,0,Global Investors
C1413,Individual,Margaret,Rogers,1968-09-18,F,USA,California,Home,4,No,Agency,C1413,1489065.1600000001,4,58,0,Global Investors
C1414,Individual,Michelle,Wright,1975-05-01,F,USA,Florida,Home,4,No,Website,C1414,1188718.7,4,51,3,Luxury Investors
C1415,Individual,Tyler,Murray,1959-07-14,M,USA,California,Investment,1,No,Website,C1415,748797.26,3,67,1,First-Time Buyers
C1416,Individual,Bryan,Peterson,1954-07-01,M,USA,Oregon,Home,2,No,Agency,C1416,1418066.3900000001,3,72,3,Luxury Investors
C1417,Individual,Dennis,Williams,1953-10-26,M,UK,Scotland,Home,5,No,Website,C1417,1023021.48,3,73,1,First-Time Buyers
C1418,Individual,Kyle,Cox,1954-04-06,M,USA,Ohio,Investment,2,No,Website,C1418,1443234.8900000001,3,72,3,Luxury Investors
C1419,Individual,Jason,Peterson,1971-08-08,M,Germany,Hamburg,Investment,4,Yes,Website,C1419,1143605.72,4,55,3,Luxury Investors
C1420,Company,Terova,Co,1981-10-20,M,UK,Wales,Home,5,No,Website,C1420,1196856.69,4,45,3,Luxury Investors
C1421,Individual,James,Jones,1957-11-14,M,USA,Colorado,Home,1,No,Website,C1421,938557.1900000001,3,69,1,First-Time Buyers
C1422,Individual,Billy,Hansen,1955-01-15,M,USA,Florida,Investment,1,Yes,Website,C1422,2032565.11,4,71,0,Global Investors
C1423,Individual,Jack,Brooks,1955-09-21,M,UK,Northern Ireland,Home,4,Yes,Website,C1423,1822778.3599999999,4,71,0,Global Investors
C1424,Individual,Judy,Harris,1954-03-12,F,USA,Utah,Home,2,Yes,Agency,C1424,1382756.57,3,72,3,Luxury Investors
C1425,Individual,Raymond,Taylor,1971-12-16,M,Belgium,Flanders,Home,3,No,Website,C1425,1449563.3199999998,3,55,3,Luxury Investors
C1426,Individual,Christina,Campbell,1964-05-20,F,USA,Washington,Home,2,No,Website,C1426,1709098.18,4,62,0,Global Investors
C1427,Individual,Julia,Richardson,1955-05-10,F,Australia,Victoria,Home,5,No,Website,C1427,1378636.21,4,71,3,Luxury Investors
C1428,Individual,Nicole,Allen,1953-12-05,F,USA,Oregon,Home,4,Yes,Agency,C1428,1136052.54,4,73,3,Luxury Investors
C1429,Individual,Jesse,Stewart,1991-10-01,M,USA,Nevada,Investment,5,No,Agency,C1429,1697550.01,4,35,0,Global Investors
C1430,Individual,Patrick,Allen,1963-09-11,M,USA,Nevada,Home,4,No,Website,C1430,928463.2,3,63,1,First-Time Buyers
C1431,Individual,Melissa,Griffin,1943-07-01,F,Germany,Hesse,Home,3,Yes,Website,C1431,1620159.73,4,83,0,Global Investors
C1432,Individual,Larry,Weaver,1951-12-26,M,USA,Utah,Home,3,No,Agency,C1432,863383.74,3,75,1,First-Time Buyers
C1433,Individual,Christian,Mitchell,1953-04-12,M,Germany,Hamburg,Home,4,No,Website,C1433,1358111.0699999998,3,73,3,Luxury Investors
C1434,Company,Terova,Co,1985-06-25,F,USA,California,Investment,5,No,Agency,C1434,1038640.05,4,41,1,First-Time Buyers
C1435,Individual,Zachary,Morales,1967-04-08,M,USA,Texas,Investment,2,No,Agency,C1435,903765.87,3,59,1,First-Time Buyers
C1436,Individual,Kyle,Wright,1998-10-09,M,USA,California,Home,2,No,Website,C1436,969917.19,3,28,1,First-Time Buyers
C1437,Individual,Gerald,Stewart,1997-04-08,M,USA,Arizona,Investment,5,No,Agency,C1437,1668948.58,4,29,0,Global Investors
C1438,Individual,Benjamin,Taylor,1988-08-04,M,USA,California,Home,2,Yes,Agency,C1438,1255115.0,3,38,3,Luxury Investors
C1439,Individual,Helen,Morales,2000-10-14,F,USA,Virginia,Home,2,No,Agency,C1439,1040682.81,3,26,1,First-Time Buyers
C1440,Individual,Mary,Phillips,1952-07-20,F,USA,Colorado,Investment,2,No,Agency,C1440,901013.4199999999,3,74,1,First-Time Buyers
C1441,Individual,Helen,Campbell,1945-09-08,F,USA,California,Investment,5,No,Website,C1441,1201777.78,3,81,3,Luxury Investors
C1442,Individual,Timothy,Foster,2000-06-17,M,USA,Colorado,Home,2,Yes,Client,C1442,1007348.75,3,26,1,First-Time Buyers
C1443,Individual,Betty,Hughes,1979-11-22,F,USA,Florida,Home,2,No,Website,C1443,1045348.1100000001,3,47,1,First-Time Buyers
C1444,Individual,Frank,Alexander,1981-06-25,M,USA,Colorado,Home,3,No,Website,C1444,1089631.7,3,45,1,First-Time Buyers
C1445,Individual,Gregory,Hall,1988-07-26,M,USA,Florida,Home,5,No,Website,C1445,1249138.91,4,38,3,Luxury Investors
C1446,Individual,Amber,Gray,1951-12-09,F,USA,Ohio,Home,4,No,Website,C1446,1550820.49,4,75,0,Global Investors
C1447,Individual,Janet,Rogers,1972-05-14,F,USA,Nevada,Investment,4,Yes,Client,C1447,1372408.9,4,54,3,Luxury Investors
C1448,Individual,Henry,Ward,1959-03-15,M,Russia,Tatarstan,Home,1,No,Website,C1448,1221304.62,4,67,3,Luxury Investors
C1449,Individual,Nicole,Cox,1999-06-14,F,USA,California,Investment,5,No,Website,C1449,1110557.49,3,27,3,Luxury Investors
C1450,Individual,Pamela,White,1996-04-06,F,USA,Virginia,Home,5,No,Website,C1450,1028509.6,3,30,1,First-Time Buyers
C1451,Individual,Hannah,Turner,1983-10-19,F,USA,California,Home,1,No,Website,C1451,1529673.3199999998,4,43,0,Global Investors
C1452,Individual,Kelly,Edwards,1993-08-05,F,Belgium,Wallonia,Home,3,No,Client,C1452,1320005.77,3,33,3,Luxury Investors
C1453,Individual,Kenneth,Stone,1981-10-07,M,USA,California,Home,2,No,Agency,C1453,1145044.9,3,45,3,Luxury Investors
C1454,Individual,Ann,Kim,1948-05-23,F,USA,California,Investment,1,No,Client,C1454,1188825.44,3,78,3,Luxury Investors
C1455,Individual,Christina,Nelson,1989-06-15,F,USA,Colorado,Home,3,Yes,Agency,C1455,985992.4299999999,3,37,1,First-Time Buyers
C1456,Company,Quasar,Co,1992-06-26,F,USA,Oregon,Investment,1,Yes,Website,C1456,1598853.55,4,34,0,Global Investors
C1457,Individual,Julie,Foster,1949-01-27,F,USA,California,Home,3,Yes,Agency,C1457,1537205.06,4,77,0,Global Investors
C1458,Individual,Keith,Reed,1950-09-16,M,USA,Arizona,Home,1,No,Website,C1458,917921.54,3,76,1,First-Time Buyers
C1459,Individual,Terry,Hall,1949-09-28,M,USA,Arizona,Home,5,No,Website,C1459,1556253.48,4,77,0,Global Investors
C1460,Individual,Pamela,Long,1972-12-05,F,UK,England,Home,1,Yes,Agency,C1460,1569390.69,4,54,0,Global Investors
C1461,Individual,Gloria,Reyes,1944-01-13,F,USA,California,Home,5,No,Website,C1461,1507966.87,4,82,0,Global Investors
C1462,Individual,Virginia,Allen,1984-04-19,F,Germany,Hamburg,Investment,3,No,Agency,C1462,1220331.12,4,42,3,Luxury Investors
C1463,Individual,Lawrence,Ward,1943-12-28,M,USA,California,Home,2,Yes,Website,C1463,1639044.0,4,83,0,Global Investors
C1464,Individual,Terry,Weaver,1940-01-25,M,USA,Arizona,Home,1,No,Website,C1464,1094818.68,3,86,1,First-Time Buyers
C1465,Individual,Edward,Stewart,1990-07-09,M,USA,Ohio,Home,3,Yes,Website,C1465,1312191.47,3,36,3,Luxury Investors
C1466,Individual,Ashley,Howard,1999-08-28,F,Belgium,Flanders,Investment,2,No,Website,C1466,1387827.15,4,27,3,Luxury Investors
C1467,Individual,Rebecca,Adams,1951-07-19,F,USA,California,Home,5,No,Client,C1467,761353.26,3,75,1,First-Time Buyers
C1468,Individual,Jason,Martin,1940-08-24,M,Canada,Manitoba,Home,3,No,Website,C1468,1072452.07,3,86,1,First-Time Buyers
C1469,Individual,Keith,Richardson,1970-05-17,M,USA,Colorado,Home,1,No,Website,C1469,1512121.6400000001,3,56,0,Global Investors
C1470,Individual,Alexander,Richardson,1940-05-27,M,USA,Colorado,Investment,3,Yes,Agency,C1470,1440682.21,3,86,3,Luxury Investors
C1471,Individual,Judith,Williams,1940-05-24,F,UK,Northern Ireland,Home,1,Yes,Website,C1471,1048588.76,4,86,1,First-Time Buyers
C1472,Individual,Paul,Flores,1991-03-23,M,USA,Washington,Home,1,No,Website,C1472,1610320.87,4,35,0,Global Investors
C1473,Individual,Maria,Freeman,1974-03-14,F,USA,California,Home,2,No,Agency,C1473,1415300.74,4,52,3,Luxury Investors
C1474,Individual,Kevin,Brown,1969-04-10,M,USA,Oregon,Home,3,No,Website,C1474,1563434.47,4,57,0,Global Investors
C1475,Individual,Raymond,Brown,1944-08-02,M,Mexico,Jalisco,Home,4,Yes,Agency,C1475,1579186.25,4,82,0,Global Investors
C1476,Individual,Kevin,Jackson,2000-06-08,M,USA,Nevada,Home,1,No,Agency,C1476,1505369.42,4,26,0,Global Investors
C1477,Company,Zynex,Co,1968-04-10,F,USA,California,Investment,1,No,Agency,C1477,1051466.92,4,58,1,First-Time Buyers
C1478,Individual,Emily,Reed,1958-09-12,F,Canada,British Columbia,Investment,1,No,Agency,C1478,965772.74,3,68,1,First-Time Buyers
C1479,Individual,Paul,Carter,1968-03-26,M,USA,California,Investment,1,No,Website,C1479,1275455.51,4,58,3,Luxury Investors
C1480,Individual,Danielle,White,1985-04-09,F,USA,Virginia,Investment,3,No,Client,C1480,1466467.79,4,41,0,Global Investors
C1481,Company,Caldera,Co,1984-12-04,F,USA,Arizona,Investment,3,No,Website,C1481,1059700.8800000001,4,42,1,First-Time Buyers
C1482,Individual,Kimberly,Murray,1953-01-24,F,USA,Oregon,Home,2,Yes,Website,C1482,1665015.1700000002,4,73,0,Global Investors
C1483,Individual,Gary,Hall,1975-06-01,M,USA,Colorado,Home,3,Yes,Agency,C1483,1831769.62,4,51,0,Global Investors
C1484,Individual,Christina,Nelson,1971-10-09,F,USA,Colorado,Home,3,No,Client,C1484,1117191.81,4,55,3,Luxury Investors
C1485,Individual,Rachel,Scott,1984-06-26,F,USA,Washington,Investment,4,No,Website,C1485,1604885.52,4,42,0,Global Investors
C1486,Individual,Madison,Campbell,1996-06-14,F,UK,Wales,Home,5,Yes,Website,C1486,1019385.69,3,30,1,First-Time Buyers
C1487,Individual,Sandra,Martin,1965-12-10,F,USA,New York,Home,3,No,Agency,C1487,1553533.51,4,61,0,Global Investors
C1488,Individual,Keith,Scott,1975-09-07,M,USA,Florida,Investment,2,No,Website,C1488,1029238.79,3,51,1,First-Time Buyers
C1489,Individual,Gloria,Montgomery,1951-03-19,F,USA,Arizona,Home,5,No,Agency,C1489,1056549.47,3,75,1,First-Time Buyers
C1490,Individual,Dennis,Hall,1994-11-06,M,UK,Wales,Investment,5,Yes,Client,C1490,861119.76,3,32,1,First-Time Buyers
C1491,Individual,Rebecca,Evans,1997-07-10,F,USA,Georgia,Home,4,No,Agency,C1491,1056750.03,4,29,1,First-Time Buyers
C1492,Individual,Mary,Taylor,1984-12-18,F,Germany,Bavaria,Home,2,No,Agency,C1492,1309655.49,3,42,3,Luxury Investors
C1493,Individual,Thomas,Bennett,1992-03-16,M,USA,Washington,Home,4,Yes,Agency,C1493,864605.61,3,34,1,First-Time Buyers
C1494,Individual,Nicholas,Cooper,1996-04-09,M,USA,New York,Home,1,No,Client,C1494,913338.07,3,30,1,First-Time Buyers
C1495,Individual,Jason,Hughes,1991-11-09,M,Denmark,Capital Region,Home,1,No,Website,C1495,2059292.68,4,35,0,Global Investors
C1496,Individual,Bryan,Patterson,1986-11-15,M,USA,Florida,Home,5,No,Agency,C1496,1119013.6099999999,3,40,3,Luxury Investors
C1497,Individual,Samuel,Parker,1940-01-13,M,USA,California,Investment,4,No,Agency,C1497,794765.34,3,86,1,First-Time Buyers
C1498,Individual,Nicole,Carter,1967-02-03,F,Mexico,Puebla,Investment,5,No,Website,C1498,1142631.83,4,59,3,Luxury Investors
C1499,Individual,Lauren,Gray,1997-11-04,F,Russia,Saint Petersburg,Home,3,Yes,Agency,C1499,1321905.54,3,29,3,Luxury Investors
C1500,Individual,Shirley,Ward,1995-01-04,F,Australia,Victoria,Home,2,No,Agency,C1500,1020299.92,4,31,1,First-Time Buyers
C1501,Individual,Brenda,White,1951-12-16,F,USA,Oregon,Investment,4,No,Agency,C1501,761279.08,3,75,1,First-Time Buyers
C1502,Individual,Elizabeth,Weaver,1994-10-27,F,UK,Wales,Home,5,Yes,Website,C1502,1045772.34,4,32,1,First-Time Buyers
C1503,Company,Triton,Co,1986-08-21,M,USA,Arizona,Investment,5,No,Website,C1503,1299971.48,4,40,3,Luxury Investors
C1504,Individual,Patrick,Hughes,1946-08-19,M,USA,California,Home,4,No,Website,C1504,871805.96,3,80,1,First-Time Buyers
C1505,Individual,William,Cook,1994-05-14,M,USA,Virginia,Home,3,No,Agency,C1505,1012922.06,4,32,1,First-Time Buyers
C1506,Individual,Larry,Price,1950-01-11,M,USA,Utah,Investment,3,No,Website,C1506,1010109.4,3,76,1,First-Time Buyers
C1507,Individual,Joyce,Cooper,1951-03-28,F,USA,Florida,Home,3,No,Agency,C1507,1499666.44,4,75,0,Global Investors
C1508,Individual,Benjamin,Morris,1994-12-03,M,UK,Scotland,Home,3,No,Agency,C1508,965283.79,4,32,1,First-Time Buyers
C1509,Individual,Rebecca,Campbell,1946-12-16,F,USA,California,Home,3,No,Website,C1509,1821912.8699999999,4,80,0,Global Investors
C1510,Company,Altira,Co,1962-12-01,M,USA,California,Home,5,No,Agency,C1510,804243.22,3,64,1,First-Time Buyers
C1511,Individual,Ann,Hansen,1989-07-20,F,France,Provence,Home,2,Yes,Website,C1511,1093080.8599999999,3,37,1,First-Time Buyers
C1512,Individual,Anna,Young,1955-06-18,F,USA,Nevada,Home,4,Yes,Client,C1512,1209056.95,4,71,3,Luxury Investors
C1513,Individual,Danielle,Morales,1995-06-08,F,USA,Florida,Home,2,No,Website,C1513,1452266.37,3,31,3,Luxury Investors
C1514,Individual,Linda,Bryant,1986-12-08,F,USA,New York,Home,4,No,Website,C1514,1211908.53,3,40,3,Luxury Investors
C1515,Individual,Angela,Williams,1946-10-16,F,USA,Nevada,Investment,5,No,Website,C1515,1433703.52,4,80,3,Luxury Investors
C1516,Individual,Grace,Wood,1953-05-23,F,USA,Texas,Home,4,No,Website,C1516,690456.91,3,73,1,First-Time Buyers
C1517,Individual,Benjamin,Chavez,1978-02-23,M,USA,California,Investment,2,No,Agency,C1517,1328693.42,4,48,3,Luxury Investors
C1518,Individual,Teresa,Rogers,1994-10-08,F,Australia,Victoria,Home,5,Yes,Agency,C1518,961942.8799999999,4,32,1,First-Time Buyers
C1519,Individual,Kyle,Freeman,1972-08-19,M,USA,California,Home,1,No,Agency,C1519,1366990.1300000001,4,54,3,Luxury Investors
C1520,Individual,Patrick,Griffin,1945-12-05,M,USA,Utah,Home,1,No,Website,C1520,1425469.02,4,81,3,Luxury Investors
C1521,Individual,Bryan,Foster,1973-12-25,M,USA,Nevada,Home,4,No,Agency,C1521,913579.4099999999,3,53,1,First-Time Buyers
C1522,Individual,Debra,Mitchell,1964-09-14,F,USA,Washington,Home,5,No,Website,C1522,1598304.98,4,62,0,Global Investors
C1523,Company,Horizon,Co,1981-07-22,M,Australia,Victoria,Investment,3,No,Website,C1523,1652083.92,4,45,0,Global Investors
C1524,Individual,Jordan,Wilson,1967-07-24,M,USA,Virginia,Home,2,No,Client,C1524,1434208.3,4,59,3,Luxury Investors
C1525,Individual,Timothy,Brown,1959-08-24,M,USA,California,Home,1,No,Agency,C1525,1336757.18,3,67,3,Luxury Investors
C1526,Individual,Victoria,Howard,1956-08-05,F,USA,California,Home,3,No,Website,C1526,1429330.15,3,70,3,Luxury Investors
C1527,Individual,Martha,Thomas,1989-05-13,F,USA,California,Home,1,No,Agency,C1527,993447.0599999999,3,37,1,First-Time Buyers
C1528,Individual,Jennifer,Weaver,1997-09-02,F,Germany,Hamburg,Home,1,Yes,Website,C1528,1058452.68,3,29,1,First-Time Buyers
C1529,Company,Helios,Co,1989-04-19,M,USA,California,Home,4,No,Website,C1529,1614522.9000000001,4,37,0,Global Investors
C1530,Individual,Sarah,Wright,1988-11-20,F,USA,California,Home,2,No,Website,C1530,1011087.75,3,38,1,First-Time Buyers
C1531,Individual,Bryan,Cox,1964-03-15,M,France,Brittany,Investment,2,No,Website,C1531,1272471.05,4,62,3,Luxury Investors
C1532,Individual,Linda,Freeman,1998-09-26,F,USA,Texas,Home,3,Yes,Website,C1532,1446462.79,4,28,3,Luxury Investors
C1533,Individual,Anthony,Bryant,1988-10-05,M,Canada,British Columbia,Home,4,No,Agency,C1533,1019127.09,4,38,1,First-Time Buyers
C1534,Individual,Sandra,Pierce,1996-06-08,F,USA,California,Home,4,Yes,Website,C1534,1195359.88,3,30,3,Luxury Investors
C1535,Individual,Jeremy,Stone,1994-09-03,M,UK,England,Investment,3,No,Agency,C1535,1967005.46,4,32,0,Global Investors
C1536,Individual,Sara,Baker,1982-06-05,F,USA,Washington,Home,3,No,Website,C1536,1076884.84,3,44,1,First-Time Buyers
C1537,Individual,Lisa,Foster,1999-08-04,F,USA,Arizona,Home,5,No,Website,C1537,1637300.4100000001,3,27,0,Global Investors
C1538,Individual,Jessica,Kim,1947-01-07,F,USA,California,Investment,5,No,Website,C1538,775544.78,3,79,1,First-Time Buyers
C1539,Individual,Terry,Brown,1997-05-13,M,USA,Nevada,Home,1,No,Agency,C1539,811448.36,3,29,1,First-Time Buyers
C1540,Individual,Roger,Cox,1957-12-02,M,USA,California,Home,2,Yes,Client,C1540,842510.7,3,69,1,First-Time Buyers
C1541,Individual,Carl,Adams,1964-11-20,M,USA,California,Home,2,No,Website,C1541,1173616.46,4,62,3,Luxury Investors
C1542,Individual,Gary,Cook,1989-07-27,M,USA,Nevada,Home,1,Yes,Website,C1542,1261648.92,3,37,3,Luxury Investors
C1543,Individual,Virginia,Peterson,1955-11-10,F,USA,New York,Investment,3,No,Agency,C1543,1199490.31,3,71,3,Luxury Investors
C1544,Individual,Heather,Evans,1947-04-27,F,Russia,Tatarstan,Home,3,No,Website,C1544,1551623.3,3,79,0,Global Investors
C1545,Individual,Elizabeth,Price,1992-11-23,F,USA,California,Investment,1,Yes,Website,C1545,1101811.15,3,34,1,First-Time Buyers
C1546,Individual,Sarah,Scott,1966-06-06,F,Mexico,Puebla,Home,4,Yes,Agency,C1546,1161022.51,4,60,3,Luxury Investors
C1547,Individual,Margaret,Martin,1975-04-03,F,USA,Florida,Home,2,Yes,Agency,C1547,1199337.46,4,51,3,Luxury Investors
C1548,Company,Telnox,Co,1967-12-26,M,USA,California,Home,2,Yes,Website,C1548,615223.03,3,59,1,First-Time Buyers
C1549,Individual,Gary,Reyes,1961-06-15,M,Mexico,Nuevo Leon,Home,4,No,Client,C1549,837044.35,3,65,1,First-Time Buyers
C1550,Individual,Jason,Rogers,1998-10-01,M,USA,California,Home,2,No,Agency,C1550,1368767.79,4,28,3,Luxury Investors
C1551,Individual,Aaron,Howard,1991-05-17,M,USA,California,Home,2,No,Agency,C1551,1252240.69,3,35,3,Luxury Investors
C1552,Individual,Peter,Wilson,1947-04-20,M,USA,California,Investment,2,Yes,Agency,C1552,1356450.7000000002,4,79,3,Luxury Investors
C1553,Company,Horizon,Co,1990-03-27,M,USA,Utah,Home,4,No,Agency,C1553,979536.36,3,36,1,First-Time Buyers
C1554,Individual,Gregory,Cox,1998-03-04,M,Germany,Bavaria,Home,1,No,Website,C1554,742034.24,3,28,1,First-Time Buyers
C1555,Individual,Julia,Martin,1946-04-25,F,UK,England,Home,5,No,Website,C1555,1233852.38,4,80,3,Luxury Investors
C1556,Individual,Grace,Wood,1982-11-20,F,USA,Colorado,Investment,2,No,Agency,C1556,1215734.71,4,44,3,Luxury Investors
C1557,Individual,Joan,Griffin,1942-03-15,F,USA,New York,Home,2,Yes,Website,C1557,955054.1799999999,3,84,1,First-Time Buyers
C1558,Individual,Tyler,Phillips,1944-03-12,M,Mexico,Baja California,Home,4,No,Website,C1558,1482069.56,3,82,0,Global Investors
C1559,Individual,Sara,Mitchell,1975-03-27,F,UK,England,Home,2,No,Website,C1559,1345808.87,3,51,3,Luxury Investors
C1560,Individual,Christina,Hughes,1940-07-15,F,USA,California,Home,4,Yes,Client,C1560,1052677.5699999998,3,86,1,First-Time Buyers
C1561,Individual,Jeffrey,Green,1964-04-28,M,Mexico,Nuevo Leon,Investment,5,No,Agency,C1561,1135294.51,3,62,3,Luxury Investors
C1562,Individual,Maria,Morris,1987-07-05,F,USA,California,Home,4,No,Client,C1562,1179775.32,3,39,3,Luxury Investors
C1563,Individual,Susan,Baker,1987-06-18,F,USA,Utah,Home,5,No,Website,C1563,979729.05,3,39,1,First-Time Buyers
C1564,Individual,Jason,Wood,1964-11-06,M,USA,Washington,Investment,5,No,Website,C1564,1595925.43,3,62,0,Global Investors
C1565,Individual,Kenneth,Bennett,1980-08-08,M,Mexico,Jalisco,Home,4,No,Agency,C1565,1140899.22,4,46,3,Luxury Investors
C1566,Individual,Anthony,Wilson,1995-01-01,M,USA,California,Home,3,No,Website,C1566,1450240.65,4,31,3,Luxury Investors
C1567,Individual,Frank,Wilson,1977-10-11,M,USA,Georgia,Home,4,No,Client,C1567,1594452.6199999999,4,49,0,Global Investors
C1568,Individual,Betty,Owens,1990-03-06,F,USA,California,Home,5,No,Website,C1568,1373808.0899999999,3,36,3,Luxury Investors
C1569,Individual,Pamela,Turner,1993-11-05,F,USA,California,Investment,1,Yes,Website,C1569,1175242.5499999998,3,33,3,Luxury Investors
C1570,Individual,Amanda,Williams,1963-12-27,F,USA,Ohio,Home,5,No,Website,C1570,1469638.4,4,63,0,Global Investors
C1571,Individual,Ethan,Morales,1978-06-03,M,USA,California,Home,2,No,Website,C1571,1243439.96,4,48,3,Luxury Investors
C1572,Individual,Donald,Baker,1960-06-10,M,Australia,Queensland,Home,3,No,Agency,C1572,886149.52,4,66,1,First-Time Buyers
C1573,Individual,Amanda,Richardson,1946-05-07,F,USA,California,Home,1,No,Website,C1573,1175839.94,4,80,3,Luxury Investors
C1574,Individual,Gary,Morris,1984-08-14,M,USA,California,Home,4,No,Website,C1574,1195224.9,3,42,3,Luxury Investors
C1575,Individual,Paul,Freeman,2000-12-19,M,USA,California,Home,2,No,Website,C1575,1395067.1600000001,4,26,3,Luxury Investors
C1576,Individual,Heather,Cook,1977-09-28,F,USA,Nevada,Investment,3,Yes,Website,C1576,1359536.24,4,49,3,Luxury Investors
C1577,Individual,Ethan,Edwards,1983-02-15,M,Germany,Bavaria,Home,3,No,Website,C1577,1427933.58,3,43,3,Luxury Investors
C1578,Individual,Mark,Turner,1996-03-12,M,USA,California,Investment,2,No,Website,C1578,765431.01,3,30,1,First-Time Buyers
C1579,Individual,Robert,Bell,1945-10-03,M,USA,Arizona,Investment,4,No,Website,C1579,1101753.5899999999,4,81,1,First-Time Buyers
C1580,Individual,Jordan,Martin,1997-12-05,M,USA,Georgia,Investment,1,Yes,Website,C1580,1008834.66,4,29,1,First-Time Buyers
C1581,Individual,James,Reyes,1950-11-08,M,USA,California,Investment,1,No,Website,C1581,1123364.22,3,76,3,Luxury Investors
C1582,Individual,Harold,Baker,1955-08-20,M,France,Ile-de-France,Home,4,Yes,Client,C1582,1030269.01,3,71,1,First-Time Buyers
C1583,Individual,Peter,Scott,1968-01-03,M,USA,California,Home,2,No,Agency,C1583,1378030.61,4,58,3,Luxury Investors
C1584,Company,Nexus,Co,1985-08-12,M,France,Brittany,Investment,1,Yes,Website,C1584,1199226.44,3,41,3,Luxury Investors
C1585,Individual,Kevin,Watson,1960-10-10,M,Canada,Ontario,Home,5,No,Website,C1585,1480011.91,4,66,0,Global Investors
C1586,Individual,Carolyn,Roberts,1967-01-21,F,Germany,Berlin,Home,3,No,Website,C1586,1116579.83,3,59,3,Luxury Investors
C1587,Individual,Carl,Cooper,1943-12-02,M,Canada,Quebec,Investment,4,Yes,Agency,C1587,743057.13,3,83,1,First-Time Buyers
C1588,Individual,Patricia,Thomas,1980-10-25,F,USA,Utah,Investment,5,No,Website,C1588,957201.31,3,46,1,First-Time Buyers
C1589,Individual,Christina,Ward,1953-08-12,F,USA,California,Investment,4,No,Agency,C1589,1380536.7000000002,3,73,3,Luxury Investors
C1590,Company,Elara,Co,1979-06-19,F,USA,Oregon,Home,1,No,Website,C1590,1470403.6,4,47,0,Global Investors
C1591,Individual,Christine,Brooks,1971-08-15,F,USA,California,Investment,4,No,Website,C1591,1676312.98,4,55,0,Global Investors
C1592,Individual,Heather,Allen,1975-06-01,F,USA,Texas,Investment,2,Yes,Agency,C1592,878452.1900000001,4,51,1,First-Time Buyers
C1593,Individual,Anthony,Williams,1975-08-05,M,USA,California,Home,1,No,Website,C1593,825960.49,4,51,1,First-Time Buyers
C1594,Individual,Kathleen,Green,1969-10-24,F,USA,Colorado,Home,2,No,Agency,C1594,1522994.53,4,57,0,Global Investors
C1595,Individual,Charles,Reed,1955-08-20,M,USA,California,Home,5,No,Website,C1595,1310147.8599999999,4,71,3,Luxury Investors
C1596,Individual,Frank,Hall,1979-11-10,M,Germany,Berlin,Investment,4,No,Website,C1596,1642954.44,3,47,0,Global Investors
C1597,Individual,Rachel,Cox,1949-12-28,F,USA,Nevada,Investment,4,Yes,Website,C1597,1155778.2,4,77,3,Luxury Investors
C1598,Individual,Angela,Adams,1940-06-23,F,USA,Georgia,Home,4,Yes,Agency,C1598,1163931.67,3,86,3,Luxury Investors
C1599,Individual,Stephanie,Thompson,1980-11-19,F,USA,Virginia,Investment,5,Yes,Website,C1599,1321031.17,3,46,3,Luxury Investors
C1600,Individual,Jennifer,Rogers,1968-02-13,F,Belgium,Wallonia,Home,5,No,Website,C1600,1237164.36,4,58,3,Luxury Investors
C1601,Individual,Tiffany,Parker,1996-08-13,F,Russia,Krasnodar Krai,Home,3,No,Website,C1601,829078.01,3,30,1,First-Time Buyers
C1602,Individual,Harold,Turner,1986-11-01,M,USA,Nevada,Investment,4,No,Website,C1602,1676863.99,4,40,0,Global Investors
C1603,Individual,Hannah,Rogers,1962-09-07,F,UK,England,Home,5,No,Website,C1603,1077719.71,4,64,1,First-Time Buyers
C1604,Individual,Ronald,Kim,1949-09-10,M,USA,Texas,Home,4,No,Website,C1604,1050264.24,3,77,1,First-Time Buyers
C1605,Individual,Joshua,Collins,1999-01-21,M,UK,England,Investment,4,Yes,Website,C1605,1170783.34,4,27,3,Luxury Investors
C1606,Individual,Zachary,Howard,1965-03-20,M,USA,Washington,Home,1,Yes,Agency,C1606,917562.71,3,61,1,First-Time Buyers
C1607,Individual,Emma,Hall,1963-03-11,F,USA,California,Home,3,No,Agency,C1607,829294.5700000001,3,63,1,First-Time Buyers
C1608,Individual,Heather,Pierce,1999-11-14,F,UK,England,Home,4,Yes,Website,C1608,1431381.65,3,27,3,Luxury Investors
C1609,Individual,Justin,Reed,1964-10-02,M,USA,California,Investment,2,No,Website,C1609,804844.43,3,62,1,First-Time Buyers
C1610,Individual,Kenneth,White,1967-03-23,M,USA,California,Investment,3,No,Website,C1610,1249167.74,4,59,3,Luxury Investors
C1611,Individual,Sarah,Bryant,1975-09-02,F,USA,Nevada,Investment,4,No,Website,C1611,1072189.52,4,51,1,First-Time Buyers
C1612,Individual,Jason,Price,1990-02-25,M,USA,California,Home,1,No,Agency,C1612,766554.56,3,36,1,First-Time Buyers
C1613,Individual,Ryan,Griffin,1998-01-08,M,Denmark,Southern Denmark,Home,2,Yes,Agency,C1613,1608368.22,4,28,0,Global Investors
C1614,Individual,Julie,Williams,1968-05-16,F,USA,Utah,Investment,4,No,Website,C1614,822155.05,3,58,1,First-Time Buyers
C1615,Individual,Jason,Mitchell,1963-08-01,M,USA,Utah,Home,5,No,Agency,C1615,857125.52,3,63,1,First-Time Buyers
C1616,Individual,Aaron,Nelson,1991-09-01,M,UK,Wales,Investment,5,Yes,Website,C1616,1344053.71,4,35,3,Luxury Investors
C1617,Individual,Michelle,Baker,1952-10-09,F,USA,California,Home,3,No,Website,C1617,776005.5,3,74,1,First-Time Buyers
C1618,Individual,Linda,Price,1962-11-22,F,USA,Washington,Home,2,Yes,Website,C1618,1356655.6800000002,4,64,3,Luxury Investors
C1619,Individual,Jason,Baker,1952-10-24,M,Belgium,Wallonia,Home,2,No,Website,C1619,1390206.46,4,74,3,Luxury Investors
C1620,Individual,Jacob,Morales,1944-05-07,M,USA,California,Home,1,Yes,Website,C1620,788250.3500000001,3,82,1,First-Time Buyers
C1621,Individual,Carl,Wood,1954-06-15,M,USA,Oregon,Investment,2,No,Agency,C1621,739739.97,3,72,1,First-Time Buyers
C1622,Individual,Angela,Taylor,1961-02-01,F,USA,Oregon,Home,1,Yes,Website,C1622,1054193.3599999999,3,65,1,First-Time Buyers
C1623,Individual,Julia,Hall,1994-01-12,F,USA,Oregon,Home,4,No,Website,C1623,1060233.46,3,32,1,First-Time Buyers
C1624,Individual,Jennifer,Stewart,1951-01-04,F,USA,California,Home,4,Yes,Website,C1624,1943363.94,4,75,0,Global Investors
C1625,Individual,Harold,Wright,2000-02-03,M,Australia,Western Australia,Home,4,No,Agency,C1625,910587.85,3,26,1,First-Time Buyers
C1626,Individual,Jennifer,Morales,1970-02-24,F,France,Provence,Home,2,Yes,Website,C1626,1225657.22,3,56,3,Luxury Investors
C1627,Individual,David,Bryant,1973-08-14,M,USA,California,Investment,1,No,Website,C1627,1275226.77,3,53,3,Luxury Investors
C1628,Company,Lumina,Co,1993-10-13,F,France,Normandy,Home,4,Yes,Website,C1628,800299.08,3,33,1,First-Time Buyers
C1629,Individual,Stephanie,Roberts,1956-08-26,F,USA,Utah,Home,5,No,Agency,C1629,789150.05,3,70,1,First-Time Buyers
C1630,Company,Grandis,Co,1994-05-06,F,USA,Virginia,Investment,1,Yes,Website,C1630,1206881.92,3,32,3,Luxury Investors
C1631,Individual,Joan,Patterson,1966-03-12,F,UK,Northern Ireland,Home,5,No,Website,C1631,1683720.2,4,60,0,Global Investors
C1632,Individual,Victoria,Wright,1963-07-12,F,USA,California,Investment,3,Yes,Agency,C1632,1425130.6800000002,4,63,3,Luxury Investors
C1633,Individual,Sara,Bennett,1977-07-03,F,Canada,Ontario,Home,2,No,Website,C1633,847190.3300000001,3,49,1,First-Time Buyers
C1634,Individual,Sara,King,1944-01-11,F,USA,Georgia,Investment,2,No,Website,C1634,1044217.01,4,82,1,First-Time Buyers
C1635,Individual,Lawrence,Moore,1948-04-27,M,France,Brittany,Home,1,No,Website,C1635,1104480.44,4,78,3,Luxury Investors
C1636,Company,Zynex,Co,1987-01-10,F,USA,Arizona,Home,5,Yes,Website,C1636,1171439.72,3,39,3,Luxury Investors
C1637,Individual,Jacob,Cook,1969-02-11,M,Mexico,Nuevo Leon,Home,5,No,Agency,C1637,1333020.46,3,57,3,Luxury Investors
C1638,Individual,Cynthia,Peterson,1978-12-14,F,France,Occitanie,Investment,1,Yes,Agency,C1638,1047895.71,3,48,1,First-Time Buyers
C1639,Individual,Ronald,Smith,1943-09-26,M,USA,Colorado,Home,1,No,Website,C1639,1088561.44,4,83,1,First-Time Buyers
C1640,Individual,Helen,Adams,1966-11-04,F,USA,California,Home,1,Yes,Website,C1640,1172146.65,4,60,3,Luxury Investors
C1641,Individual,Charles,Phillips,1972-02-14,M,USA,Utah,Home,1,No,Agency,C1641,1898878.08,4,54,0,Global Investors
C1642,Individual,Maria,Adams,1981-07-20,F,Canada,British Columbia,Home,5,No,Website,C1642,1441785.62,4,45,3,Luxury Investors
C1643,Individual,Carl,Rogers,1978-01-09,M,France,Ile-de-France,Home,4,No,Agency,C1643,1182889.92,3,48,3,Luxury Investors
C1644,Individual,Megan,Freeman,1944-06-22,F,USA,California,Home,1,No,Client,C1644,1312822.17,4,82,3,Luxury Investors
C1645,Individual,Shirley,Chavez,1995-02-08,F,Australia,New South Wales,Investment,1,No,Website,C1645,1503973.21,4,31,0,Global Investors
C1646,Individual,Billy,Patterson,1998-06-10,M,USA,Washington,Investment,4,Yes,Agency,C1646,972186.46,3,28,1,First-Time Buyers
C1647,Individual,Paul,Stone,1945-11-25,M,USA,Ohio,Home,4,Yes,Agency,C1647,1316368.95,3,81,3,Luxury Investors
C1648,Individual,Julia,Wood,1949-09-21,F,Australia,New South Wales,Home,3,No,Website,C1648,1282946.7,3,77,3,Luxury Investors
C1649,Individual,Melissa,Price,1982-03-02,F,USA,Oregon,Home,4,Yes,Agency,C1649,1540887.81,4,44,0,Global Investors
C1650,Individual,Edward,Griffin,1969-04-01,M,USA,Washington,Investment,2,No,Website,C1650,1065238.5,3,57,1,First-Time Buyers
C1651,Individual,Ryan,Bell,1945-11-19,M,USA,California,Investment,4,No,Website,C1651,962066.4199999999,3,81,1,First-Time Buyers
C1652,Individual,Paul,Weaver,1964-01-15,M,USA,Nevada,Investment,4,Yes,Client,C1652,1078933.8,3,62,1,First-Time Buyers
C1653,Individual,Sara,White,1974-08-02,F,USA,Colorado,Investment,4,Yes,Website,C1653,957106.48,4,52,1,First-Time Buyers
C1654,Individual,Judith,Brooks,1968-04-05,F,USA,California,Home,1,No,Website,C1654,1250065.3800000001,4,58,3,Luxury Investors
C1655,Individual,Sara,Cox,1965-05-16,F,USA,Texas,Investment,2,No,Website,C1655,974749.8,3,61,1,First-Time Buyers
C1656,Individual,Jacob,Baker,1991-05-05,M,Belgium,Wallonia,Investment,4,Yes,Website,C1656,1401657.84,4,35,3,Luxury Investors
C1657,Individual,Donald,Kim,1958-05-19,M,USA,California,Home,2,No,Website,C1657,1316624.69,4,68,3,Luxury Investors
C1658,Individual,Ronald,Patterson,1970-08-07,M,USA,California,Home,5,No,Agency,C1658,1243178.6,4,56,3,Luxury Investors
C1659,Individual,Joshua,Thompson,1946-09-05,M,Denmark,Zealand,Home,4,No,Website,C1659,1576416.87,4,80,0,Global Investors
C1660,Individual,Henry,Richardson,1940-04-27,M,USA,Nevada,Home,4,Yes,Website,C1660,1330046.48,4,86,3,Luxury Investors
C1661,Individual,Ronald,Cox,1975-08-20,M,USA,Washington,Home,4,No,Agency,C1661,1511063.27,3,51,0,Global Investors
C1662,Individual,Gary,Montgomery,1967-05-16,M,Russia,Tatarstan,Home,4,No,Website,C1662,1505862.74,4,59,0,Global Investors
C1663,Individual,Joshua,Garcia,1977-05-13,M,USA,Colorado,Investment,3,No,Agency,C1663,926064.21,3,49,1,First-Time Buyers
C1664,Individual,Judith,Hayes,1969-07-25,F,France,Occitanie,Investment,5,No,Agency,C1664,1390001.73,3,57,3,Luxury Investors
C1665,Individual,Harold,Bell,1995-12-16,M,USA,Arizona,Home,5,No,Website,C1665,966971.19,4,31,1,First-Time Buyers
C1666,Individual,Brenda,Edwards,1962-09-08,F,USA,Ohio,Home,2,No,Website,C1666,706503.5900000001,3,64,1,First-Time Buyers
C1667,Individual,Stephanie,Cook,1967-11-14,F,USA,California,Investment,4,No,Agency,C1667,831811.52,3,59,1,First-Time Buyers
C1668,Individual,Scott,Green,1957-11-12,M,Australia,Victoria,Home,5,No,Website,C1668,1046863.21,4,69,1,First-Time Buyers
C1669,Individual,Steven,Collins,1960-04-07,M,Canada,Alberta,Investment,3,Yes,Agency,C1669,948271.3400000001,4,66,1,First-Time Buyers
C1670,Individual,Angela,Watson,1970-12-09,F,USA,Colorado,Home,3,Yes,Website,C1670,1356021.03,4,56,3,Luxury Investors
C1671,Individual,Ashley,Howard,1948-09-13,F,USA,California,Home,3,No,Agency,C1671,1329236.75,4,78,3,Luxury Investors
C1672,Individual,Jacqueline,Morales,1974-04-09,F,USA,Nevada,Investment,4,No,Website,C1672,728363.1699999999,3,52,1,First-Time Buyers
C1673,Individual,Katherine,Martin,1992-03-04,F,USA,Washington,Home,1,Yes,Website,C1673,1803634.76,4,34,0,Global Investors
C1674,Individual,Emily,Jackson,1941-12-22,F,USA,California,Home,5,Yes,Website,C1674,1614623.53,4,85,0,Global Investors
C1675,Individual,Emma,Reyes,1985-04-08,F,Canada,Alberta,Investment,5,No,Website,C1675,918037.6799999999,3,41,1,First-Time Buyers
C1676,Individual,Amy,Allen,1999-09-19,F,USA,Washington,Home,2,No,Website,C1676,1251637.0,4,27,3,Luxury Investors
C1677,Individual,Kevin,Thomas,1964-12-20,M,USA,Texas,Home,1,Yes,Website,C1677,942915.1799999999,3,62,1,First-Time Buyers
C1678,Individual,Gary,Sanders,1961-03-06,M,USA,California,Home,1,Yes,Agency,C1678,1377654.29,3,65,3,Luxury Investors
C1679,Individual,Christina,Nelson,1986-02-28,F,USA,Nevada,Investment,4,No,Website,C1679,1194618.9,3,40,3,Luxury Investors
C1680,Individual,Danielle,Howard,1999-09-25,F,USA,California,Investment,4,No,Agency,C1680,665078.77,3,27,1,First-Time Buyers
C1681,Individual,Carl,Alexander,1961-07-27,M,USA,Oregon,Home,3,Yes,Client,C1681,1408304.94,4,65,3,Luxury Investors
C1682,Individual,Amanda,Brooks,1987-04-11,F,USA,Nevada,Home,2,No,Website,C1682,1469905.41,4,39,0,Global Investors
C1683,Individual,Amber,Patterson,1999-11-19,F,USA,Oregon,Investment,1,No,Client,C1683,1410114.6,4,27,3,Luxury Investors
C1684,Individual,Grace,Cooper,1977-07-01,F,USA,Colorado,Investment,4,No,Website,C1684,1109440.17,4,49,3,Luxury Investors
C1685,Individual,Kathleen,Parker,1977-05-16,F,USA,California,Home,5,No,Agency,C1685,1109623.75,3,49,3,Luxury Investors
C1686,Individual,David,Howard,1977-01-25,M,USA,California,Investment,2,Yes,Agency,C1686,1214377.82,4,49,3,Luxury Investors
C1687,Individual,Eric,Anderson,1967-05-15,M,USA,California,Home,4,Yes,Website,C1687,1026117.62,4,59,1,First-Time Buyers
C1688,Individual,Amanda,Flores,1996-04-28,F,USA,Oregon,Home,5,No,Client,C1688,1314384.27,3,30,3,Luxury Investors
C1689,Individual,Virginia,King,1985-01-26,F,USA,Oregon,Investment,1,Yes,Client,C1689,896100.8,3,41,1,First-Time Buyers
C1690,Individual,Terry,Martin,1951-08-18,M,Denmark,North Denmark,Home,2,Yes,Agency,C1690,1662639.06,3,75,0,Global Investors
C1691,Individual,Robert,Reed,1946-03-25,M,USA,Arizona,Home,5,No,Website,C1691,1212731.6,4,80,3,Luxury Investors
C1692,Individual,Joseph,Patterson,1991-03-08,M,Canada,Ontario,Home,5,Yes,Agency,C1692,1165619.9100000001,4,35,3,Luxury Investors
C1693,Individual,Donald,Turner,1990-11-20,M,Belgium,Flanders,Home,1,No,Website,C1693,1557035.08,4,36,0,Global Investors
C1694,Individual,Gloria,Foster,1957-07-18,F,USA,Virginia,Home,5,No,Agency,C1694,1457395.73,4,69,3,Luxury Investors
C1695,Individual,Tiffany,Peterson,1955-12-13,F,Belgium,Flanders,Home,5,No,Website,C1695,975866.19,3,71,1,First-Time Buyers
C1696,Individual,Emily,Jones,1987-02-20,F,USA,Florida,Home,1,No,Website,C1696,1316025.35,4,39,3,Luxury Investors
C1697,Individual,Maria,Brown,1980-08-07,F,Belgium,Brussels,Home,2,No,Client,C1697,802813.26,4,46,1,First-Time Buyers
C1698,Individual,Zachary,Stone,1950-12-05,M,UK,Northern Ireland,Home,4,Yes,Website,C1698,764529.97,3,76,1,First-Time Buyers
C1699,Individual,Peter,Phillips,1969-07-15,M,Australia,Western Australia,Home,3,Yes,Agency,C1699,1161971.24,4,57,3,Luxury Investors
C1700,Individual,Nicholas,Young,1943-11-04,M,USA,Nevada,Home,3,No,Website,C1700,1293648.37,4,83,3,Luxury Investors
C1701,Individual,Karen,Montgomery,1982-06-27,F,USA,Arizona,Home,1,No,Website,C1701,916043.72,3,44,1,First-Time Buyers
C1702,Individual,Frank,Alexander,1990-01-04,M,USA,Washington,Investment,5,Yes,Website,C1702,1259181.49,3,36,3,Luxury Investors
C1703,Individual,Gerald,Cox,1999-08-13,M,USA,Texas,Investment,4,No,Agency,C1703,868665.77,3,27,1,First-Time Buyers
C1704,Individual,Susan,Flores,1963-02-15,F,Denmark,Capital Region,Home,4,No,Agency,C1704,1131490.6400000001,3,63,3,Luxury Investors
C1705,Individual,Kenneth,Howard,1979-11-23,M,USA,Virginia,Investment,3,Yes,Website,C1705,1031987.6799999999,3,47,1,First-Time Buyers
C1706,Individual,Matthew,Jordan,1976-05-13,M,USA,California,Home,3,Yes,Website,C1706,1417221.48,4,50,3,Luxury Investors
C1707,Individual,Adam,Allen,1973-09-19,M,USA,Georgia,Home,1,Yes,Website,C1707,770609.62,3,53,1,First-Time Buyers
C1708,Individual,Andrea,Wilson,1986-08-06,F,Germany,Hesse,Home,1,Yes,Agency,C1708,854426.52,3,40,1,First-Time Buyers
C1709,Individual,Danielle,Cox,1946-08-09,F,USA,Arizona,Investment,3,No,Agency,C1709,1336416.1600000001,3,80,3,Luxury Investors
C1710,Individual,Joe,Flores,1957-05-26,M,Canada,Alberta,Investment,2,Yes,Website,C1710,1027918.12,3,69,1,First-Time Buyers
C1711,Individual,Debra,Hayes,1981-08-24,F,USA,California,Investment,3,Yes,Website,C1711,1015613.11,4,45,1,First-Time Buyers
C1712,Individual,Ryan,Turner,1971-03-04,M,France,Occitanie,Home,5,No,Website,C1712,1280242.15,4,55,3,Luxury Investors
C1713,Individual,Julia,Cook,1981-02-08,F,USA,Oregon,Home,1,No,Website,C1713,1401670.4500000002,4,45,3,Luxury Investors
C1714,Individual,Nathan,Brooks,1948-07-05,M,USA,Colorado,Home,3,No,Website,C1714,1054289.58,4,78,1,First-Time Buyers
C1715,Individual,Hannah,Watson,1963-04-13,F,USA,Florida,Home,3,Yes,Agency,C1715,987214.1799999999,4,63,1,First-Time Buyers
C1716,Individual,Michelle,Montgomery,1980-10-13,F,USA,California,Home,1,No,Website,C1716,1027286.48,3,46,1,First-Time Buyers
C1717,Individual,Martha,Thomas,1941-12-21,F,USA,California,Home,4,Yes,Website,C1717,915606.0700000001,3,85,1,First-Time Buyers
C1718,Individual,Janet,Peterson,1995-01-06,F,USA,California,Home,1,No,Website,C1718,1362121.47,4,31,3,Luxury Investors
C1719,Company,Halcyon,Co,1960-05-10,M,USA,Florida,Home,2,No,Agency,C1719,1178759.88,3,66,3,Luxury Investors
C1720,Individual,Danielle,Kim,1996-10-10,F,USA,California,Home,5,Yes,Website,C1720,1396671.77,4,30,3,Luxury Investors
C1721,Individual,Carl,Weaver,1986-12-10,M,USA,Nevada,Home,2,No,Agency,C1721,1282729.71,4,40,3,Luxury Investors
C1722,Individual,Jacqueline,Morris,1982-11-23,F,USA,Nevada,Home,3,No,Website,C1722,1676365.72,4,44,0,Global Investors
C1723,Individual,Carol,Allen,1998-02-02,F,Canada,Quebec,Home,2,Yes,Agency,C1723,1084602.42,4,28,1,First-Time Buyers
C1724,Individual,Justin,Cook,1956-06-19,M,USA,Virginia,Home,4,No,Website,C1724,1646338.3599999999,4,70,0,Global Investors
C1725,Individual,Sharon,Patterson,1959-01-12,F,USA,Nevada,Home,3,Yes,Website,C1725,1352500.23,4,67,3,Luxury Investors
C1726,Individual,Diane,Scott,1948-08-15,F,UK,Northern Ireland,Home,3,No,Website,C1726,1141107.24,3,78,3,Luxury Investors
C1727,Individual,Katherine,Morales,1945-12-06,F,USA,New York,Home,3,No,Website,C1727,1563834.42,4,81,0,Global Investors
C1728,Individual,Kimberly,Garcia,1944-03-08,F,USA,Oregon,Home,3,Yes,Client,C1728,1436312.58,4,82,3,Luxury Investors
C1729,Individual,Robert,Richardson,1955-06-26,M,Canada,British Columbia,Home,3,Yes,Website,C1729,956356.54,3,71,1,First-Time Buyers
C1730,Individual,Jeffrey,Young,1979-11-22,M,Mexico,Puebla,Investment,5,Yes,Agency,C1730,796432.48,3,47,1,First-Time Buyers
C1731,Individual,Nathan,Garcia,1971-12-19,M,USA,California,Home,4,Yes,Website,C1731,1172220.1099999999,4,55,3,Luxury Investors
C1732,Individual,Megan,Wilson,1970-07-15,F,Canada,Alberta,Investment,2,No,Agency,C1732,1551003.8399999999,3,56,0,Global Investors
C1733,Individual,Helen,Jones,1948-04-22,F,USA,California,Home,3,Yes,Agency,C1733,1179975.09,4,78,3,Luxury Investors
C1734,Individual,Zachary,Roberts,1975-01-14,M,USA,California,Home,5,No,Website,C1734,1078504.94,3,51,1,First-Time Buyers
C1735,Individual,Amber,Miller,1969-10-07,F,USA,Utah,Investment,3,No,Website,C1735,1139995.98,3,57,3,Luxury Investors
C1736,Individual,Ann,Cook,1989-09-21,F,USA,California,Investment,4,Yes,Website,C1736,1482243.88,4,37,0,Global Investors
C1737,Individual,Jennifer,Jackson,1992-12-24,F,USA,California,Investment,3,No,Website,C1737,1060946.57,3,34,1,First-Time Buyers
C1738,Individual,Sharon,Hall,1977-02-25,F,USA,California,Home,5,No,Website,C1738,861195.69,3,49,1,First-Time Buyers
C1739,Individual,Steven,Smith,1985-02-25,M,Russia,Novosibirsk,Investment,3,Yes,Website,C1739,998344.48,4,41,1,First-Time Buyers
C1740,Individual,Ashley,Alexander,1951-09-15,F,USA,California,Home,5,Yes,Website,C1740,1439013.3399999999,4,75,3,Luxury Investors
C1741,Individual,Alexander,Wright,1976-04-18,M,USA,Virginia,Home,5,No,Website,C1741,1310713.04,4,50,3,Luxury Investors
C1742,Company,Crestwood,Co,1988-08-14,F,USA,California,Home,5,No,Agency,C1742,1177856.21,3,38,3,Luxury Investors
C1743,Individual,Linda,Bell,1946-07-26,F,Belgium,Flanders,Home,1,No,Client,C1743,839069.28,3,80,1,First-Time Buyers
C1744,Individual,Brian,Green,1961-11-16,M,Russia,Krasnodar Krai,Investment,1,No,Website,C1744,1320002.42,4,65,3,Luxury Investors
C1745,Individual,Ann,Sanders,1976-06-21,F,USA,California,Home,1,No,Website,C1745,1261495.5,3,50,3,Luxury Investors
C1746,Individual,Jennifer,Cox,1959-06-14,F,Belgium,Flanders,Home,3,No,Website,C1746,793835.85,3,67,1,First-Time Buyers
C1747,Individual,Bryan,Flores,1965-02-19,M,USA,Colorado,Home,5,No,Client,C1747,1016661.44,3,61,1,First-Time Buyers
C1748,Individual,Albert,Jones,1950-11-11,M,USA,California,Home,4,Yes,Website,C1748,1112272.46,3,76,3,Luxury Investors
C1749,Individual,Brandon,Moore,1956-05-27,M,USA,California,Home,3,No,Website,C1749,832665.62,3,70,1,First-Time Buyers
C1750,Company,Stratos,Co,1991-01-12,M,USA,Colorado,Home,3,No,Website,C1750,1497163.73,4,35,0,Global Investors
C1751,Individual,Christine,Scott,1955-02-28,F,USA,Ohio,Home,5,No,Website,C1751,873120.47,4,71,1,First-Time Buyers
C1752,Individual,Jonathan,Cook,1980-02-06,M,USA,California,Investment,1,Yes,Website,C1752,1119600.47,3,46,3,Luxury Investors
C1753,Individual,Arthur,Peterson,1945-12-18,M,USA,Georgia,Investment,3,Yes,Website,C1753,770077.48,3,81,1,First-Time Buyers
C1754,Individual,Frank,Gray,1995-11-11,M,USA,Virginia,Home,2,Yes,Website,C1754,1361555.24,3,31,3,Luxury Investors
C1755,Individual,Mark,Griffin,1998-08-26,M,USA,Nevada,Home,1,Yes,Website,C1755,672116.9199999999,3,28,1,First-Time Buyers
C1756,Individual,Daniel,Cook,1990-03-21,M,USA,Utah,Home,1,No,Website,C1756,1481404.3900000001,4,36,0,Global Investors
C1757,Individual,Brian,Hayes,1985-07-01,M,Germany,Bavaria,Home,3,No,Client,C1757,1125366.62,3,41,3,Luxury Investors
C1758,Individual,Carl,Pierce,1985-01-14,M,USA,Oregon,Investment,4,Yes,Agency,C1758,1006481.1799999999,4,41,1,First-Time Buyers
C1759,Individual,Jose,Stone,1974-10-10,M,USA,California,Investment,1,No,Website,C1759,1031917.22,4,52,1,First-Time Buyers
C1760,Individual,Mary,Harris,1975-10-07,F,Belgium,Brussels,Home,2,No,Website,C1760,1454358.32,4,51,3,Luxury Investors
C1761,Individual,Nicholas,Thompson,1955-01-08,M,USA,Washington,Home,1,No,Website,C1761,1181772.43,4,71,3,Luxury Investors
C1762,Individual,Larry,Harris,1964-01-21,M,USA,Virginia,Home,1,No,Website,C1762,1023352.22,3,62,1,First-Time Buyers
C1763,Individual,Kimberly,Young,1954-11-26,F,USA,New York,Home,3,No,Website,C1763,1789381.67,4,72,0,Global Investors
C1764,Individual,Kelly,Baker,1946-11-05,F,USA,Nevada,Home,2,No,Agency,C1764,1668335.18,4,80,0,Global Investors
C1765,Individual,Pamela,Reyes,1997-05-01,F,USA,Colorado,Home,1,Yes,Client,C1765,1734167.51,4,29,0,Global Investors
C1766,Individual,Sharon,Bennett,1993-05-05,F,USA,California,Home,4,No,Website,C1766,1371247.08,4,33,3,Luxury Investors
C1767,Individual,Joe,Sanders,1978-05-21,M,USA,Colorado,Home,3,No,Website,C1767,1455838.9100000001,4,48,3,Luxury Investors
C1768,Individual,Cynthia,Hughes,1943-03-01,F,Russia,Saint Petersburg,Home,4,No,Website,C1768,985105.21,4,83,1,First-Time Buyers
C1769,Company,Forsyte,Co,1985-10-22,M,USA,Oregon,Home,1,Yes,Client,C1769,985909.0,3,41,1,First-Time Buyers
C1770,Individual,Betty,Parker,1945-11-17,F,USA,Washington,Home,1,Yes,Agency,C1770,1334771.42,3,81,3,Luxury Investors
C1771,Company,Atlas,Co,1975-06-22,M,USA,Georgia,Home,3,Yes,Client,C1771,1280895.97,3,51,3,Luxury Investors
C1772,Company,Forsyte,Co,1975-01-13,F,Canada,Alberta,Investment,5,Yes,Agency,C1772,1105281.92,4,51,3,Luxury Investors
C1773,Individual,Kenneth,Williams,1980-12-25,M,USA,Nevada,Investment,3,Yes,Agency,C1773,1284141.19,4,46,3,Luxury Investors
C1774,Individual,Frank,James,1984-12-26,M,USA,Oregon,Home,4,No,Agency,C1774,1169335.49,4,42,3,Luxury Investors
C1775,Individual,Betty,Howard,1970-10-07,F,USA,California,Home,3,No,Agency,C1775,1414776.99,4,56,3,Luxury Investors
C1776,Individual,Martha,Mitchell,1973-09-01,F,France,Occitanie,Home,1,No,Website,C1776,1071718.4,3,53,1,First-Time Buyers
C1777,Individual,Jason,Long,1974-09-24,M,USA,California,Investment,5,No,Client,C1777,784629.95,3,52,1,First-Time Buyers
C1778,Individual,Jeffrey,Cox,1994-01-09,M,USA,Georgia,Investment,4,Yes,Website,C1778,1216664.8199999998,3,32,3,Luxury Investors
C1779,Individual,Sharon,Thomas,1979-04-20,F,USA,California,Home,5,No,Client,C1779,1563236.5499999998,4,47,0,Global Investors
C1780,Individual,Richard,Patterson,1956-05-18,M,USA,Utah,Investment,1,No,Website,C1780,1735557.1500000001,4,70,0,Global Investors
C1781,Individual,Betty,Thomas,1968-10-08,F,USA,California,Home,4,No,Website,C1781,1383316.42,4,58,3,Luxury Investors
C1782,Individual,Ann,King,1999-12-04,F,UK,England,Investment,1,No,Website,C1782,897646.55,4,27,1,First-Time Buyers
C1783,Individual,Jacob,Garcia,1954-03-07,M,USA,California,Home,3,No,Website,C1783,1136482.92,4,72,3,Luxury Investors
C1784,Individual,Albert,Moore,1998-02-24,M,Australia,Western Australia,Home,3,No,Client,C1784,1352274.53,4,28,3,Luxury Investors
C1785,Individual,Lauren,Allen,1956-02-27,F,USA,Colorado,Home,1,Yes,Website,C1785,1006568.23,3,70,1,First-Time Buyers
C1786,Individual,Adam,White,1995-03-07,M,USA,California,Home,1,No,Website,C1786,1247095.22,4,31,3,Luxury Investors
C1787,Individual,Stephen,Flores,1955-09-22,M,USA,Georgia,Investment,5,No,Agency,C1787,1289585.42,4,71,3,Luxury Investors
C1788,Individual,Zachary,James,1989-10-27,M,USA,California,Home,3,No,Website,C1788,1116876.81,3,37,3,Luxury Investors
C1789,Individual,Edward,Brooks,1982-07-25,M,USA,Colorado,Home,5,Yes,Agency,C1789,1359605.1,3,44,3,Luxury Investors
C1790,Individual,Jacob,Hansen,1940-02-18,M,USA,Nevada,Investment,5,No,Client,C1790,1335521.08,4,86,3,Luxury Investors
C1791,Individual,Gerald,Scott,1966-04-26,M,USA,California,Home,5,No,Agency,C1791,894512.8,3,60,1,First-Time Buyers
C1792,Individual,Terry,Pierce,1995-06-17,M,USA,California,Home,3,No,Agency,C1792,1948563.24,4,31,0,Global Investors
C1793,Individual,Richard,James,1969-04-05,M,USA,Utah,Investment,1,No,Website,C1793,1317525.03,4,57,3,Luxury Investors
C1794,Individual,Douglas,Chavez,1995-12-25,M,USA,Colorado,Home,3,No,Website,C1794,1378476.06,4,31,3,Luxury Investors
C1795,Individual,William,Brown,1945-12-01,M,USA,California,Home,5,Yes,Website,C1795,1058019.94,4,81,1,First-Time Buyers
C1796,Individual,Betty,Hughes,1950-09-21,F,USA,California,Investment,5,Yes,Client,C1796,1158919.94,3,76,3,Luxury Investors
C1797,Individual,Katherine,Howard,1957-02-26,F,USA,Oregon,Home,3,Yes,Website,C1797,910545.9199999999,3,69,1,First-Time Buyers
C1798,Individual,Bryan,Peterson,1966-08-10,M,USA,Arizona,Investment,1,Yes,Website,C1798,1601121.79,4,60,0,Global Investors
C1799,Individual,Cheryl,Freeman,1950-01-11,F,USA,Colorado,Home,5,No,Agency,C1799,1022792.49,4,76,1,First-Time Buyers
C1800,Individual,James,Campbell,1944-04-13,M,USA,Oregon,Home,1,No,Client,C1800,1120963.1,3,82,3,Luxury Investors
C1801,Individual,Jose,Howard,1964-02-08,M,USA,California,Home,5,Yes,Website,C1801,1473065.73,3,62,0,Global Investors
C1802,Individual,Jack,Morris,1948-03-26,M,USA,Nevada,Investment,1,No,Client,C1802,1155979.49,4,78,3,Luxury Investors
C1803,Individual,Susan,Bennett,1987-04-14,F,Canada,Quebec,Investment,5,No,Agency,C1803,1329728.19,3,39,3,Luxury Investors
C1804,Individual,Albert,Kim,1989-03-03,M,USA,California,Home,1,No,Website,C1804,1735376.55,4,37,0,Global Investors
C1805,Individual,Austin,Kim,1953-01-09,M,UK,Northern Ireland,Investment,3,No,Website,C1805,1871670.17,4,73,0,Global Investors
C1806,Individual,Martha,Turner,1967-04-13,F,Australia,New South Wales,Investment,2,No,Agency,C1806,974821.86,3,59,1,First-Time Buyers
C1807,Individual,Angela,Allen,1957-02-05,F,France,Brittany,Home,5,No,Website,C1807,1520931.78,3,69,0,Global Investors
C1808,Individual,Victoria,Stewart,1990-01-08,F,USA,Washington,Investment,2,No,Client,C1808,1102931.4500000002,4,36,1,First-Time Buyers
C1809,Individual,Laura,White,1981-05-03,F,USA,New York,Home,4,Yes,Agency,C1809,1221253.05,4,45,3,Luxury Investors
C1810,Individual,Maria,Collins,1945-01-06,F,USA,Texas,Home,3,No,Agency,C1810,991862.87,3,81,1,First-Time Buyers
C1811,Individual,Stephanie,Williams,1958-02-16,F,USA,California,Home,3,Yes,Agency,C1811,1189519.9,4,68,3,Luxury Investors
C1812,Individual,Ryan,White,1977-04-18,M,France,Provence,Home,5,Yes,Website,C1812,1080880.0,4,49,1,First-Time Buyers
C1813,Individual,Walter,Jordan,1947-12-02,M,Germany,Hamburg,Investment,3,Yes,Website,C1813,1552316.39,4,79,0,Global Investors
C1814,Individual,Scott,Roberts,1987-04-07,M,Denmark,North Denmark,Home,2,No,Website,C1814,1303261.99,4,39,3,Luxury Investors
C1815,Individual,Aaron,Carter,1949-03-26,M,USA,California,Home,5,No,Agency,C1815,1182628.3,4,77,3,Luxury Investors
C1816,Individual,Sean,Miller,1962-04-08,M,Canada,Quebec,Home,2,No,Website,C1816,1078876.87,4,64,1,First-Time Buyers
C1817,Individual,Cynthia,Garcia,1944-07-28,F,USA,Virginia,Home,1,No,Agency,C1817,1240667.65,3,82,3,Luxury Investors
C1818,Individual,Christine,Wood,1994-08-17,F,USA,Washington,Investment,5,Yes,Website,C1818,814797.06,3,32,1,First-Time Buyers
C1819,Individual,William,Brown,1963-02-11,M,Russia,Krasnodar Krai,Home,1,No,Website,C1819,1067644.33,3,63,1,First-Time Buyers
C1820,Individual,Nicholas,Howard,1979-08-21,M,France,Provence,Home,3,No,Website,C1820,970434.94,4,47,1,First-Time Buyers
C1821,Individual,Adam,Smith,1944-10-22,M,USA,Nevada,Home,5,No,Website,C1821,1733692.6199999999,4,82,0,Global Investors
C1822,Individual,Frank,Weaver,1996-02-28,M,USA,Oregon,Investment,5,Yes,Website,C1822,1388147.75,4,30,3,Luxury Investors
C1823,Individual,Jacob,Watson,1967-08-11,M,USA,Oregon,Home,4,Yes,Website,C1823,993925.86,3,59,1,First-Time Buyers
C1824,Individual,Jeffrey,Weaver,1962-09-05,M,USA,California,Home,3,No,Website,C1824,945036.97,4,64,1,First-Time Buyers
C1825,Individual,Eric,Jones,1956-12-28,M,Mexico,Nuevo Leon,Home,2,No,Agency,C1825,948769.9299999999,4,70,1,First-Time Buyers
C1826,Individual,Jack,Williams,1951-06-08,M,USA,Ohio,Home,4,No,Client,C1826,1300035.21,4,75,3,Luxury Investors
C1827,Individual,Donald,Thompson,1973-01-02,M,USA,New York,Home,5,Yes,Website,C1827,1221529.77,4,53,3,Luxury Investors
C1828,Individual,William,Wood,1991-11-15,M,USA,California,Investment,2,Yes,Website,C1828,1199213.25,4,35,3,Luxury Investors
C1829,Individual,Rachel,Ward,1997-07-17,F,USA,California,Home,5,Yes,Agency,C1829,1194095.83,3,29,3,Luxury Investors
C1830,Individual,Virginia,Owens,1959-03-20,F,USA,Arizona,Home,3,No,Website,C1830,1363309.64,3,67,3,Luxury Investors
C1831,Individual,Janice,Smith,1950-09-15,F,Russia,Tatarstan,Home,3,No,Website,C1831,1004720.27,4,76,1,First-Time Buyers
C1832,Individual,Henry,Garcia,1987-04-21,M,USA,Oregon,Investment,1,Yes,Website,C1832,1282390.94,4,39,3,Luxury Investors
C1833,Individual,Jennifer,Weaver,1948-01-17,F,USA,Arizona,Investment,1,Yes,Website,C1833,1132086.83,3,78,3,Luxury Investors
C1834,Individual,Zachary,Phillips,1963-03-13,M,Belgium,Flanders,Investment,5,No,Agency,C1834,1222274.5999999999,4,63,3,Luxury Investors
C1835,Individual,Nicole,Pierce,1959-10-25,F,Canada,Alberta,Investment,4,Yes,Agency,C1835,739211.6,3,67,1,First-Time Buyers
C1836,Individual,Judy,Wood,1960-10-08,F,USA,California,Investment,1,Yes,Website,C1836,1213775.31,4,66,3,Luxury Investors
C1837,Individual,Julia,Freeman,1950-04-06,F,USA,California,Home,2,Yes,Client,C1837,1507583.69,4,76,0,Global Investors
C1838,Individual,Joyce,Morales,1965-01-14,F,Canada,Alberta,Investment,1,No,Agency,C1838,1266344.58,4,61,3,Luxury Investors
C1839,Individual,Kyle,Gray,1943-01-21,M,USA,California,Investment,2,No,Agency,C1839,967894.54,4,83,1,First-Time Buyers
C1840,Individual,Gerald,Weaver,1986-06-22,M,UK,England,Investment,3,No,Website,C1840,911506.03,3,40,1,First-Time Buyers
C1841,Individual,Austin,Williams,1947-05-27,M,USA,New York,Home,4,No,Website,C1841,1612088.13,4,79,0,Global Investors
C1842,Company,Rexon,Co,1978-10-08,M,Canada,Alberta,Home,3,Yes,Agency,C1842,1252827.37,3,48,3,Luxury Investors
C1843,Individual,Jose,Stone,1952-06-18,M,Germany,Hesse,Home,4,No,Website,C1843,1487849.65,4,74,0,Global Investors
C1844,Individual,Grace,Howard,1978-07-21,F,USA,Ohio,Home,1,No,Agency,C1844,1033138.51,4,48,1,First-Time Buyers
C1845,Individual,Joshua,Green,1949-09-11,M,USA,California,Investment,1,Yes,Website,C1845,889124.6799999999,3,77,1,First-Time Buyers
C1846,Individual,Sara,Allen,1985-10-26,F,Russia,Novosibirsk,Home,5,Yes,Agency,C1846,886017.55,3,41,1,First-Time Buyers
C1847,Individual,Brian,Griffin,1952-04-01,M,USA,Utah,Home,4,No,Website,C1847,1080850.85,4,74,1,First-Time Buyers
C1848,Individual,Sarah,Davis,1993-07-17,F,USA,California,Home,2,No,Website,C1848,1595352.82,4,33,0,Global Investors
C1849,Individual,Joseph,Wilson,1976-09-02,M,Canada,Alberta,Investment,3,Yes,Website,C1849,1019239.08,3,50,1,First-Time Buyers
C1850,Individual,Gregory,Miller,1971-07-25,M,USA,New York,Investment,5,Yes,Agency,C1850,1380990.75,4,55,3,Luxury Investors
C1851,Individual,Kimberly,Miller,1954-06-08,F,UK,England,Home,3,Yes,Agency,C1851,1552543.97,4,72,0,Global Investors
C1852,Individual,Julie,Hall,1997-12-15,F,USA,Virginia,Home,4,No,Website,C1852,1674072.07,3,29,0,Global Investors
C1853,Individual,Jennifer,Owens,1949-02-24,F,USA,Virginia,Investment,4,No,Website,C1853,1207329.15,4,77,3,Luxury Investors
C1854,Company,Rexon,Co,1960-03-23,M,France,Ile-de-France,Investment,1,No,Client,C1854,1387997.02,4,66,3,Luxury Investors
C1855,Individual,Gloria,Hansen,1984-02-07,F,USA,California,Home,2,Yes,Website,C1855,1117305.8599999999,4,42,3,Luxury Investors
C1856,Company,Altira,Co,1994-05-24,M,USA,Virginia,Home,2,No,Website,C1856,1216231.4300000002,3,32,3,Luxury Investors
C1857,Individual,Walter,Johnson,1987-03-22,M,USA,California,Investment,2,Yes,Website,C1857,919814.94,3,39,1,First-Time Buyers
C1858,Individual,Amy,Hayes,1958-06-05,F,USA,Colorado,Home,5,No,Website,C1858,1161958.29,3,68,3,Luxury Investors
C1859,Individual,Zachary,Taylor,1943-11-18,M,USA,California,Home,5,Yes,Client,C1859,1087561.59,4,83,1,First-Time Buyers
C1860,Company,Caldera,Co,1970-07-17,F,USA,California,Home,4,Yes,Agency,C1860,1661197.49,4,56,0,Global Investors
C1861,Individual,Nathan,Evans,1982-01-08,M,USA,California,Investment,3,Yes,Website,C1861,1475178.95,4,44,0,Global Investors
C1862,Individual,Joshua,Long,1953-08-22,M,USA,California,Home,1,Yes,Website,C1862,988771.17,3,73,1,First-Time Buyers
C1863,Individual,Megan,Hansen,1948-03-04,F,UK,Scotland,Home,3,No,Website,C1863,1281313.02,4,78,3,Luxury Investors
C1864,Individual,Hannah,Weaver,1972-04-25,F,USA,New York,Home,5,Yes,Website,C1864,1131730.6,4,54,3,Luxury Investors
C1865,Individual,Sean,Rogers,1974-01-11,M,USA,Arizona,Investment,4,No,Website,C1865,1092253.24,3,52,1,First-Time Buyers
C1866,Individual,Joyce,Martin,1971-08-23,F,USA,Nevada,Home,2,No,Agency,C1866,1620195.43,4,55,0,Global Investors
C1867,Individual,Robert,Richardson,1952-01-13,M,USA,California,Home,2,Yes,Website,C1867,761781.8,3,74,1,First-Time Buyers
C1868,Individual,Michelle,Thomas,1975-11-28,F,UK,Wales,Home,1,No,Website,C1868,1469394.43,4,51,0,Global Investors
C1869,Individual,Margaret,Campbell,1975-10-05,F,Mexico,Nuevo Leon,Home,5,No,Client,C1869,1335399.36,4,51,3,Luxury Investors
C1870,Individual,Lawrence,Moore,1980-10-13,M,USA,Washington,Investment,1,No,Agency,C1870,680865.94,3,46,1,First-Time Buyers
C1871,Individual,Amy,Reyes,1961-10-18,F,USA,Texas,Home,1,Yes,Website,C1871,1096466.77,4,65,1,First-Time Buyers
C1872,Individual,Raymond,Jones,1940-10-23,M,Mexico,Mexico City,Home,5,No,Client,C1872,1284121.27,3,86,3,Luxury Investors
C1873,Individual,Cheryl,Collins,1959-03-10,F,Canada,British Columbia,Home,5,No,Agency,C1873,841611.53,4,67,1,First-Time Buyers
C1874,Individual,Justin,Cooper,1972-11-18,M,USA,Colorado,Investment,1,No,Agency,C1874,1058361.99,3,54,1,First-Time Buyers
C1875,Individual,Melissa,Roberts,1943-09-13,F,USA,Nevada,Home,2,No,Client,C1875,1220153.8599999999,3,83,3,Luxury Investors
C1876,Company,Bravada,Co,1981-03-17,M,USA,Ohio,Investment,4,Yes,Website,C1876,1543986.34,3,45,0,Global Investors
C1877,Individual,Walter,Bryant,1961-09-16,M,USA,Arizona,Home,5,No,Agency,C1877,905899.79,3,65,1,First-Time Buyers
C1878,Individual,Paul,Rogers,1967-10-07,M,USA,Washington,Home,5,No,Agency,C1878,958603.36,3,59,1,First-Time Buyers
C1879,Individual,Deborah,Roberts,1977-01-23,F,USA,New York,Home,3,No,Website,C1879,1536294.68,3,49,0,Global Investors
C1880,Individual,Joan,Morales,1998-01-22,F,USA,California,Home,5,Yes,Client,C1880,1319939.53,4,28,3,Luxury Investors
C1881,Individual,Brenda,Phillips,1989-09-13,F,USA,Oregon,Home,2,Yes,Website,C1881,972731.0900000001,3,37,1,First-Time Buyers
C1882,Individual,Deborah,Turner,1960-03-22,F,USA,Virginia,Investment,3,No,Website,C1882,884144.1,3,66,1,First-Time Buyers
C1883,Individual,Sean,Peterson,1941-02-11,M,USA,California,Home,1,No,Agency,C1883,1877399.3199999998,4,85,0,Global Investors
C1884,Individual,Terry,Bell,1954-08-06,M,USA,Nevada,Home,5,Yes,Website,C1884,930994.2100000001,3,72,1,First-Time Buyers
C1885,Individual,Ryan,Bell,1967-10-26,M,Germany,Hamburg,Home,1,Yes,Agency,C1885,1740983.97,4,59,0,Global Investors
C1886,Individual,Maria,Richardson,1999-11-16,F,USA,California,Home,5,No,Website,C1886,774293.9299999999,3,27,1,First-Time Buyers
C1887,Individual,Emma,Campbell,1986-01-07,F,USA,Oregon,Investment,1,No,Agency,C1887,822999.76,3,40,1,First-Time Buyers
C1888,Individual,Donald,Griffin,1962-08-06,M,USA,California,Home,3,No,Website,C1888,981962.01,4,64,1,First-Time Buyers
C1889,Individual,Matthew,Richardson,1987-07-10,M,USA,California,Home,4,Yes,Website,C1889,1193609.3,3,39,3,Luxury Investors
C1890,Individual,Mark,Nelson,1954-03-12,M,Canada,Ontario,Home,4,No,Client,C1890,1209659.27,4,72,3,Luxury Investors
C1891,Individual,Gary,James,1972-06-02,M,USA,Oregon,Home,2,No,Agency,C1891,1466482.7999999998,4,54,0,Global Investors
C1892,Individual,Nancy,Jones,1951-06-06,F,USA,Nevada,Investment,5,Yes,Agency,C1892,978638.94,3,75,1,First-Time Buyers
C1893,Individual,Ann,Davis,1962-12-27,F,USA,Washington,Home,1,Yes,Website,C1893,1458732.84,4,64,3,Luxury Investors
C1894,Individual,Joyce,Hall,1944-03-11,F,USA,Texas,Investment,4,No,Website,C1894,1284918.37,4,82,3,Luxury Investors
C1895,Company,Caldera,Co,1969-01-07,M,USA,Nevada,Investment,4,No,Agency,C1895,1170571.86,3,57,3,Luxury Investors
C1896,Individual,Andrew,Bryant,1955-06-17,M,USA,Virginia,Investment,3,No,Agency,C1896,1158311.0,3,71,3,Luxury Investors
C1897,Individual,Catherine,Rogers,1950-12-27,F,Canada,Ontario,Home,2,No,Website,C1897,1108918.3399999999,4,76,3,Luxury Investors
C1898,Individual,Daniel,James,1979-01-05,M,USA,New York,Home,1,Yes,Website,C1898,1159717.54,4,47,3,Luxury Investors
C1899,Individual,Joe,Mitchell,1996-04-05,M,UK,England,Home,3,No,Website,C1899,1001627.28,3,30,1,First-Time Buyers
C1900,Individual,Rachel,Griffin,1998-09-07,F,UK,England,Investment,4,No,Client,C1900,1185889.79,4,28,3,Luxury Investors
C1901,Individual,Justin,Stewart,1982-09-17,M,Canada,British Columbia,Home,4,No,Agency,C1901,1357680.7,4,44,3,Luxury Investors
C1902,Company,Grandis,Co,1980-11-09,M,USA,Colorado,Investment,2,No,Agency,C1902,1127600.93,4,46,3,Luxury Investors
C1903,Individual,Nicole,Bennett,1991-12-01,F,USA,Nevada,Home,2,No,Website,C1903,1453139.0699999998,4,35,3,Luxury Investors
C1904,Individual,Christian,Nelson,1949-03-23,M,USA,Texas,Home,2,Yes,Website,C1904,1337265.67,4,77,3,Luxury Investors
C1905,Individual,James,Morris,1961-02-02,M,USA,Virginia,Home,1,No,Website,C1905,1180529.35,3,65,3,Luxury Investors
C1906,Individual,Michelle,Adams,1955-09-15,F,USA,California,Home,2,No,Agency,C1906,1487182.67,4,71,0,Global Investors
C1907,Individual,Kyle,Wright,1950-03-12,M,USA,Colorado,Home,3,No,Website,C1907,1751481.1500000001,4,76,0,Global Investors
C1908,Individual,Andrea,Moore,1976-03-28,F,USA,California,Home,2,No,Website,C1908,1543714.5,4,50,0,Global Investors
C1909,Individual,Heather,Pierce,1985-12-04,F,USA,California,Investment,2,No,Agency,C1909,1238663.76,3,41,3,Luxury Investors
C1910,Company,Telnox,Co,1985-10-04,M,USA,California,Home,2,Yes,Agency,C1910,816793.9099999999,4,41,1,First-Time Buyers
C1911,Individual,Noah,Murray,1989-01-11,M,USA,California,Home,5,No,Agency,C1911,1195691.95,3,37,3,Luxury Investors
C1912,Individual,Amanda,Jackson,1954-07-26,F,USA,Utah,Investment,1,No,Website,C1912,863871.21,3,72,1,First-Time Buyers
C1913,Individual,Gary,King,1980-11-12,M,France,Provence,Home,5,No,Website,C1913,1210353.53,4,46,3,Luxury Investors
C1914,Individual,Brenda,Gray,1993-08-24,F,UK,Scotland,Home,4,Yes,Website,C1914,1553786.78,3,33,0,Global Investors
C1915,Individual,Angela,Williams,1964-06-09,F,USA,Arizona,Investment,4,No,Client,C1915,1015184.58,3,62,1,First-Time Buyers
C1916,Individual,Zachary,Weaver,1948-10-15,M,USA,California,Investment,2,No,Website,C1916,1257058.52,3,78,3,Luxury Investors
C1917,Individual,Angela,Montgomery,1971-09-16,F,Australia,New South Wales,Home,2,No,Client,C1917,1007433.23,4,55,1,First-Time Buyers
C1918,Individual,Dorothy,Murray,1940-09-17,F,USA,California,Home,1,No,Client,C1918,1019401.51,4,86,1,First-Time Buyers
C1919,Company,Vantage,Co,1968-01-19,F,USA,Nevada,Investment,1,No,Website,C1919,1083015.76,4,58,1,First-Time Buyers
C1920,Individual,Jonathan,Pierce,1969-10-26,M,Germany,North Rhine-Westphalia,Home,5,No,Agency,C1920,1523588.92,4,57,0,Global Investors
C1921,Individual,Carolyn,Adams,1956-12-24,F,France,Provence,Home,5,No,Website,C1921,980793.6799999999,3,70,1,First-Time Buyers
C1922,Individual,Jessica,Garcia,1988-01-09,F,USA,California,Home,1,No,Agency,C1922,1549836.17,3,38,0,Global Investors
C1923,Individual,Sarah,Cooper,1947-03-07,F,Mexico,Jalisco,Investment,1,Yes,Client,C1923,1302917.16,4,79,3,Luxury Investors
C1924,Individual,Joe,Cooper,1958-01-03,M,USA,California,Home,3,No,Client,C1924,1453954.37,4,68,3,Luxury Investors
C1925,Individual,Jordan,Baker,1942-01-19,M,USA,Colorado,Home,2,No,Agency,C1925,1165252.94,4,84,3,Luxury Investors
C1926,Individual,Joshua,Watson,1997-11-05,M,Mexico,Puebla,Home,1,Yes,Website,C1926,1238034.03,4,29,3,Luxury Investors
C1927,Individual,Victoria,Long,1952-11-05,F,USA,California,Investment,1,Yes,Website,C1927,1325474.94,4,74,3,Luxury Investors
C1928,Individual,Paul,Scott,1998-02-20,M,Australia,New South Wales,Home,4,Yes,Client,C1928,741930.22,3,28,1,First-Time Buyers
C1929,Individual,Angela,Baker,1941-10-24,F,Mexico,Jalisco,Home,1,Yes,Agency,C1929,1329874.96,4,85,3,Luxury Investors
C1930,Individual,Rachel,Adams,1966-01-22,F,USA,Colorado,Investment,3,No,Agency,C1930,1184992.23,4,60,3,Luxury Investors
C1931,Individual,Melissa,Jackson,1995-05-01,F,USA,Utah,Home,5,Yes,Website,C1931,1323884.1099999999,4,31,3,Luxury Investors
C1932,Individual,Dorothy,Allen,1962-05-13,F,USA,California,Investment,2,No,Website,C1932,1713149.19,4,64,0,Global Investors
C1933,Company,Oasis,Co,1994-04-05,F,Australia,Queensland,Home,1,No,Client,C1933,822428.05,3,32,1,First-Time Buyers
C1934,Individual,Noah,Montgomery,1978-03-25,M,France,Ile-de-France,Investment,4,Yes,Client,C1934,1719384.46,4,48,0,Global Investors
C1935,Individual,Ashley,Young,1983-04-14,F,USA,Arizona,Home,5,No,Website,C1935,1205890.37,3,43,3,Luxury Investors
C1936,Individual,Jeffrey,Brown,1984-02-24,M,Russia,Krasnodar Krai,Home,1,Yes,Agency,C1936,965899.1000000001,3,42,1,First-Time Buyers
C1937,Individual,Ashley,Richardson,1961-03-16,F,USA,Arizona,Home,3,Yes,Website,C1937,1707838.06,4,65,0,Global Investors
C1938,Individual,Peter,Anderson,1973-07-28,M,Canada,Quebec,Home,4,Yes,Website,C1938,1154671.2,3,53,3,Luxury Investors
C1939,Individual,Gloria,White,1979-06-09,F,USA,Florida,Investment,1,Yes,Agency,C1939,674304.95,3,47,1,First-Time Buyers
C1940,Individual,Barbara,Turner,1997-02-01,F,Canada,Manitoba,Home,4,No,Agency,C1940,1403901.1400000001,4,29,3,Luxury Investors
C1941,Individual,Maria,James,1943-05-20,F,USA,Nevada,Home,5,No,Client,C1941,1368615.25,4,83,3,Luxury Investors
C1942,Company,Stratos,Co,1984-11-10,F,USA,Nevada,Home,2,Yes,Agency,C1942,1133984.52,3,42,3,Luxury Investors
C1943,Individual,Eric,Long,1973-01-04,M,USA,Arizona,Home,1,No,Website,C1943,967521.23,3,53,1,First-Time Buyers
C1944,Individual,Henry,Pierce,1986-02-15,M,USA,California,Investment,1,No,Website,C1944,1971083.9300000002,4,40,0,Global Investors
C1945,Individual,Sean,Johnson,1967-02-26,M,Mexico,Mexico City,Investment,3,No,Website,C1945,1112541.88,4,59,3,Luxury Investors
C1946,Individual,Mark,Bell,1955-01-15,M,USA,California,Home,1,No,Agency,C1946,1056227.37,3,71,1,First-Time Buyers
C1947,Individual,Walter,Mitchell,1979-02-02,M,USA,Nevada,Home,3,No,Website,C1947,1247905.56,3,47,3,Luxury Investors
C1948,Individual,Melissa,Harris,1955-04-01,F,USA,Arizona,Home,2,No,Agency,C1948,1530233.0,3,71,0,Global Investors
C1949,Individual,Christina,James,1955-07-20,F,USA,Colorado,Home,2,Yes,Agency,C1949,1020270.72,3,71,1,First-Time Buyers
C1950,Individual,Edward,Weaver,1975-03-27,M,USA,Ohio,Home,4,No,Agency,C1950,1033306.43,4,51,1,First-Time Buyers
C1951,Individual,Alexander,Murray,1996-09-08,M,USA,Utah,Home,1,Yes,Website,C1951,1128864.17,4,30,3,Luxury Investors
C1952,Company,Optima,Co,1992-05-06,M,USA,Nevada,Home,3,No,Agency,C1952,1235262.65,3,34,3,Luxury Investors
C1953,Individual,Donald,Miller,1972-10-16,M,Germany,Bavaria,Home,1,Yes,Website,C1953,1199064.43,4,54,3,Luxury Investors
C1954,Individual,Judy,Roberts,1966-09-03,F,Australia,Western Australia,Investment,3,No,Website,C1954,809731.0700000001,3,60,1,First-Time Buyers
C1955,Individual,Benjamin,Wright,1998-05-20,M,Canada,Quebec,Home,1,No,Website,C1955,1707150.06,4,28,0,Global Investors
C1956,Individual,Julie,Weaver,1967-08-21,F,USA,Oregon,Home,2,No,Agency,C1956,1224023.79,4,59,3,Luxury Investors
C1957,Individual,Adam,Howard,1962-09-24,M,USA,California,Home,4,Yes,Website,C1957,1318838.26,4,64,3,Luxury Investors
C1958,Individual,Susan,Foster,1970-10-09,F,USA,California,Home,3,No,Website,C1958,1567012.19,4,56,0,Global Investors
C1959,Individual,Judy,Morales,1942-02-20,F,USA,Texas,Home,1,No,Website,C1959,626084.02,3,84,1,First-Time Buyers
C1960,Individual,Dorothy,Brown,1987-08-02,F,USA,Colorado,Home,2,Yes,Website,C1960,1196488.96,3,39,3,Luxury Investors
C1961,Individual,William,Campbell,1994-09-26,M,USA,California,Home,5,No,Agency,C1961,1289265.38,4,32,3,Luxury Investors
C1962,Individual,Kimberly,Harris,1995-08-01,F,Mexico,Puebla,Home,5,No,Agency,C1962,971475.24,3,31,1,First-Time Buyers
C1963,Company,Terova,Co,1968-03-01,M,USA,Texas,Home,5,No,Website,C1963,983925.13,3,58,1,First-Time Buyers
C1964,Individual,Kevin,Martin,1972-06-17,M,USA,Virginia,Home,5,No,Agency,C1964,1149434.67,3,54,3,Luxury Investors
C1965,Individual,Sean,Wright,1997-01-09,M,USA,California,Home,4,No,Agency,C1965,1489053.39,3,29,0,Global Investors
C1966,Individual,Ronald,Howard,1964-02-10,M,Canada,British Columbia,Home,1,No,Agency,C1966,1210176.2,4,62,3,Luxury Investors
C1967,Individual,Roger,Bryant,1957-10-09,M,USA,Oregon,Investment,4,No,Agency,C1967,747143.37,3,69,1,First-Time Buyers
C1968,Individual,Judy,Griffin,1958-11-02,F,USA,California,Investment,3,Yes,Client,C1968,987718.99,3,68,1,First-Time Buyers
C1969,Individual,Jesse,James,1993-06-14,M,USA,Colorado,Investment,2,Yes,Agency,C1969,1030940.4299999999,4,33,1,First-Time Buyers
C1970,Individual,Raymond,Howard,1978-02-25,M,USA,Arizona,Investment,4,Yes,Website,C1970,1346312.7000000002,3,48,3,Luxury Investors
C1971,Individual,Emma,Jordan,1976-07-18,F,USA,Virginia,Home,5,No,Website,C1971,673422.3200000001,3,50,1,First-Time Buyers
C1972,Individual,Carol,Wilson,1972-01-05,F,USA,California,Home,4,Yes,Website,C1972,943260.84,3,54,1,First-Time Buyers
C1973,Company,Oasis,Co,1993-09-13,M,USA,Washington,Home,4,Yes,Agency,C1973,1450499.68,4,33,3,Luxury Investors
C1974,Individual,Keith,Peterson,1950-04-09,M,USA,Nevada,Home,5,Yes,Agency,C1974,968686.8500000001,4,76,1,First-Time Buyers
C1975,Individual,Dorothy,Campbell,1975-08-05,F,Belgium,Wallonia,Home,4,No,Agency,C1975,985031.21,3,51,1,First-Time Buyers
C1976,Individual,Albert,Wilson,1995-05-03,M,USA,Florida,Home,5,No,Client,C1976,1146120.65,4,31,3,Luxury Investors
C1977,Individual,Jason,Bennett,1994-04-07,M,USA,Virginia,Home,1,No,Website,C1977,2001430.4300000002,4,32,0,Global Investors
C1978,Company,Summit,Co,1967-02-06,F,USA,California,Investment,5,Yes,Website,C1978,1205900.67,3,59,3,Luxury Investors
C1979,Individual,Brian,Richardson,1942-05-25,M,USA,Colorado,Home,3,Yes,Agency,C1979,1287568.79,4,84,3,Luxury Investors
C1980,Individual,Barbara,Green,1956-05-09,F,USA,Texas,Investment,4,No,Website,C1980,1579565.09,4,70,0,Global Investors
C1981,Individual,Sarah,Flores,1992-12-09,F,Canada,Quebec,Home,5,No,Agency,C1981,1440160.68,4,34,3,Luxury Investors
C1982,Individual,Jose,Long,1947-09-05,M,USA,California,Home,4,Yes,Website,C1982,1545398.56,3,79,0,Global Investors
C1983,Individual,Ryan,Reed,1961-03-13,M,UK,Northern Ireland,Home,3,No,Website,C1983,1317304.52,4,65,3,Luxury Investors
C1984,Individual,Jesse,Watson,1956-10-18,M,USA,California,Home,4,No,Website,C1984,846287.21,3,70,1,First-Time Buyers
C1985,Individual,Gregory,Bell,1963-05-11,M,UK,Scotland,Home,1,Yes,Agency,C1985,1149379.8599999999,4,63,3,Luxury Investors
C1986,Individual,Thomas,Griffin,1977-04-23,M,USA,New York,Investment,1,No,Website,C1986,1442798.93,4,49,3,Luxury Investors
C1987,Individual,Douglas,Davis,1986-10-18,M,Belgium,Wallonia,Investment,5,No,Website,C1987,1316082.96,4,40,3,Luxury Investors
C1988,Individual,Henry,Thompson,1994-09-19,M,USA,California,Home,5,Yes,Website,C1988,1301018.95,4,32,3,Luxury Investors
C1989,Individual,William,Montgomery,1959-11-19,M,USA,Texas,Home,3,No,Agency,C1989,1380788.8599999999,4,67,3,Luxury Investors
C1990,Individual,Scott,Howard,1976-11-28,M,USA,Texas,Investment,5,No,Agency,C1990,1253745.81,3,50,3,Luxury Investors
C1991,Individual,Susan,Reed,1950-07-09,F,USA,California,Home,3,No,Website,C1991,1134341.88,4,76,3,Luxury Investors
C1992,Individual,Rachel,Hansen,1943-01-19,F,USA,Texas,Home,3,Yes,Website,C1992,1266058.76,3,83,3,Luxury Investors
C1993,Individual,Douglas,Thompson,1985-06-09,M,USA,New York,Home,2,No,Website,C1993,1385369.38,3,41,3,Luxury Investors
C1994,Individual,Nicole,Miller,1994-07-21,F,USA,Oregon,Investment,3,Yes,Website,C1994,1257875.21,3,32,3,Luxury Investors
C1995,Individual,Michelle,Scott,1993-03-05,F,USA,California,Investment,4,No,Agency,C1995,1044043.64,4,33,1,First-Time Buyers
C1996,Individual,Samantha,Brooks,1992-06-20,F,USA,Nevada,Home,1,Yes,Website,C1996,1151831.48,4,34,3,Luxury Investors
C1997,Individual,Matthew,Cox,1942-09-27,M,USA,Arizona,Home,4,Yes,Website,C1997,1101825.4,4,84,1,First-Time Buyers
C1998,Individual,Mark,Patterson,1963-09-13,M,USA,Virginia,Home,5,Yes,Website,C1998,1023688.56,3,63,1,First-Time Buyers
C1999,Individual,Lawrence,Montgomery,1944-06-15,M,USA,Ohio,Home,4,Yes,Client,C1999,838587.38,3,82,1,First-Time Buyers
C2000,Individual,Amanda,James,1996-03-24,F,USA,Georgia,Home,1,Yes,Agency,C2000,913528.5,3,30,1,First-Time Buyers
